SMILES,Reward,Step,Sim,Imp
CCCC(CCC)CCC1C=CC2c3cc(NC(=O)c4ccc(C)cc4)cc4c3N(CC3CC=CC43)CC12,2.9144723878379284,399,0.625,22.642246653202097
Cc1ccc(C(=O)Nc2cc3c4c(c2)C2C=CC(CC5CCCC(C)C5)C2CN4CC2CC=CC32)cc1,2.1639187712018364,83,0.6495726495726496,21.891693036566004
Cc1ccc(C(=O)Nc2cc3c4c(c2)C2C=CC(CC5CCCC(C6=CC6)C5)C2CN4CC2CC=CC32)cc1,2.1010792382402634,231,0.6178861788617886,21.82885350360443
CSC(C)C(=C(C)C1C=CC2c3cc(NC(=O)c4ccc(C)cc4)cc4c3N(CC3CC=CC43)CC12)C1CC1,2.088513356300304,195,0.6333333333333333,21.816287621664472
C=CC(C1CCCC(C)C1)C1C=CC2c3cc(NC(=O)c4ccc(C)cc4)cc4c3N(CC3CC=CC43)CC21,2.069452106592087,241,0.6229508196721312,21.797226371956256
Cc1ccc(C(=O)Nc2cc3c4c(c2)C2C=CC(CC5CC(C)CC(C6=CC6)C5)C2CN4CC2CC=CC32)cc1,2.052669259385235,224,0.608,21.7804435247494
Cc1ccc(C(=O)Nc2cc3c4c(c2)C2C=CC(c5ccccc5)C2CN4CC2CC=CC32)cc1,2.035613278238732,27,0.6637168141592921,21.7633875436029
C=C(CC)CCC1C=CC2c3cc(NC(=O)c4ccc(C)cc4)cc4c3N(CC3CC=CC43)CC12,2.0186919178267546,50,0.6756756756756757,21.746466183190922
Cc1ccc(C(=O)Nc2cc3c4c(c2)C2C=CC(CCC(C)C)C2CN4CC2CC=CC32)cc1,2.0066913844239185,156,0.6944444444444444,21.734465649788085
Cc1ccc(C(=O)Nc2cc3c4c(c2)C2C=CC(CCC(C)C)C2CN4CC2CC=CC32)cc1,2.0066913844239185,295,0.6944444444444444,21.734465649788085
CC(=O)CC1CCCC(CC2C=CC3c4cc(NC(=O)c5ccc(C)cc5)cc5c4N(CC4CC=CC54)CC23)C1,1.9794587003090165,220,0.608,21.707232965673185
Cc1ccc(C(=O)Nc2cc3c4c(c2)C2C=CC(CC5CCCC(CCN=O)C5)C2CN4CC2CC=CC32)cc1,1.945786711149875,340,0.6031746031746031,21.673560976514043
C=C(O)C1CCC(CC2C=CC3c4cc(NC(=O)c5ccc(C)cc5)cc5c4N(CC4CC=CC54)CC23)CC1C,1.9337942971905244,264,0.6129032258064516,21.66156856255469
Cc1ccc(C(=O)Nc2cc3c4c(c2)C2C=CC(CC5(CN=O)CCCC(C)C5)C2CN4CC2CC=CC32)cc1,1.821974133292501,335,0.608,21.549748398656668
Cc1ccc(C(=O)Nc2cc3c4c(c2)C2C=CC(CCC5CC5)C2CN4CC2CC=CC32)cc1,1.8068804006182628,399,0.7037037037037037,21.53465466598243
Cc1ccc(C(=O)Nc2cc3c4c(c2)C2C=CC(CC5=CC=CCC5)C2CN4CC2CC=CC32)cc1,1.7927384896074745,250,0.6754385964912281,21.52051275497164
Cc1ccc(C(=O)Nc2cc3c4c(c2)C2C=CC(CC5CCCC(CN=N)C5)C2CN4CC2CC=CC32)cc1,1.788633879588212,296,0.6178861788617886,21.51640814495238
Cc1ccc(C(=O)Nc2cc3c4c(c2)C2C=CC(CC5CCC(SN=O)C(C)C5)C2CN4CC2CC=CC32)cc1,1.7885601805100584,339,0.608,21.516334445874225
CN=NCC1CCCC(CC2C=CC3c4cc(NC(=O)c5ccc(C)cc5)cc5c4N(CC4CC=CC54)CC23)C1,1.7447769129664956,312,0.6031746031746031,21.472551178330665
Cc1ccc(C(=O)Nc2cc3c4c(c2)C2C=CC(CC5CCCC(C)(CN=O)C5)C2CN4CC2CC=CC32)cc1,1.7390734095398637,292,0.608,21.46684767490403
Cc1ccc(C(=O)Nc2cc3c4c(c2)C2C=CC(C(CN=O)C5CCCC(C)C5)C2CN4CC2CC=CC32)cc1,1.7056332398787282,300,0.608,21.433407505242897
Cc1ccc(C(=O)Nc2cc3c4c(c2)C2C=CC(CC5CCCC(CN=O)C5)C2CN4CC2CC=CC32)cc1,1.6719138865259109,328,0.6178861788617886,21.39968815189008
Cc1ccc(C(=O)Nc2cc3c4c(c2)C2C=CC(CC5CCCC(CN=O)C5)C2CN4CC2CC=CC32)cc1,1.6719138865259109,220,0.6178861788617886,21.39968815189008
Cc1ccc(C(=O)Nc2cc3c4c(c2)C2C=CC(CC5CC(C)CCC5CN=O)C2CN4CC2CC=CC32)cc1,1.6589917375014007,294,0.608,21.38676600286557
Cc1ccc(C(=O)Nc2cc3c4c(c2)C2C=CC(CC5(N=O)CCCC(C)C5)C2CN4CC2CC=CC32)cc1,1.6470471367808397,226,0.6229508196721312,21.37482140214501
Cc1ccc(C(=O)Nc2cc3c4c(c2)C2C=CC(CC5CCC(CN=O)C(C)C5)C2CN4CC2CC=CC32)cc1,1.6422798451850538,339,0.608,21.370054110549223
Cc1ccc(C(=O)Nc2cc3c4c(c2)C2C=CC(CC5CCCC(C)C5CN=O)C2CN4CC2CC=CC32)cc1,1.6405871753720365,342,0.608,21.368361440736205
Cc1ccc(C(=O)Nc2cc3c4c(c2)C2C=CC(CC5CCCC(N=N)C5)C2CN4CC2CC=CC32)cc1,1.6343858988285445,236,0.6333333333333333,21.362160164192712
Cc1ccc(C(=O)Nc2cc3c4c(c2)C2C=CC(CC5CCCC(C)(N=O)C5)C2CN4CC2CC=CC32)cc1,1.6310837825293882,287,0.6229508196721312,21.358858047893555
C=C1SSCC1(C)C1C=CC2c3cc(NC(=O)c4ccc(C)cc4)cc4c3N(CC3CC=CC43)CC21,1.6237045225054239,109,0.672566371681416,21.351478787869592
Cc1ccc(C(=O)Nc2cc3c4c(c2)C2C=CC(CC5CCCC(C)C5C5COC5)C2CN4CC2CC=CC32)cc1,1.623046748914387,270,0.6062992125984252,21.350821014278555
Cc1ccc(C(=O)Nc2cc3c4c(c2)C2C=CC(CC5CC(C)CC(CN=O)C5)C2CN4CC2CC=CC32)cc1,1.608921934335271,299,0.608,21.33669619969944
Cc1ccc(C(=O)Nc2cc3c4c(c2)C2C=CC(CC5CC(C)CC(CN=O)C5)C2CN4CC2CC=CC32)cc1,1.608921934335271,305,0.608,21.33669619969944
Cc1ccc(C(=O)Nc2cc3c4c(c2)C2C=CC(CC5CCCC(P6CO6)C5)C2CN4CC2CC=CC32)cc1,1.5959445798230556,304,0.6178861788617886,21.323718845187223
Cc1ccc(C(=O)Nc2cc3c4c(c2)C2C=CC(CC5CCCC(P6CO6)C5)C2CN4CC2CC=CC32)cc1,1.5959445798230556,244,0.6178861788617886,21.323718845187223
Cc1ccc(C(=O)Nc2cc3c4c(c2)C2C=CC(CC=C5CCCCO5)C2CN4CC2CC=CC32)cc1,1.5917102087021644,388,0.6440677966101694,21.319484474066332
Cc1ccc(C(=O)Nc2cc3c4c(c2)C2C=CC(CC5(C=O)CCCC(C)C5)C2CN4CC2CC=CC32)cc1,1.5792827757657477,226,0.6229508196721312,21.307057041129916
Cc1ccc(C(=O)Nc2cc3c4c(c2)C2C=CC(C(ON=N)C5CCCC(C)C5)C2CN4CC2CC=CC32)cc1,1.571167880414698,382,0.608,21.298942145778867
Cc1ccc(C(=O)Nc2cc3c4c(c2)C2C=CC(CC5CCCC(C)(C6=NC6)C5)C2CN4CC2CC=CC32)cc1,1.5655994392464958,274,0.608,21.293373704610666
CSN=C(C)C=CCC1C=CC2c3cc(NC(=O)c4ccc(C)cc4)cc4c3N(CC3CC=CC43)CC12,1.5556099875440308,53,0.6410256410256411,21.2833842529082
Cc1ccc(C(=O)Nc2cc3c4c(c2)C2C=CC(CC5CCCC(N=O)C5)C2CN4CC2CC=CC32)cc1,1.5407565319251195,244,0.6333333333333333,21.268530797289287
Cc1ccc(C(=O)Nc2cc3c4c(c2)C2C=CC(CC5CC(C)CCC5N=O)C2CN4CC2CC=CC32)cc1,1.5232440414693582,271,0.6229508196721312,21.251018306833526
Cc1ccc(C(=O)Nc2cc3c4c(c2)C2C=CC(CC5CCCC(C)C5N=O)C2CN4CC2CC=CC32)cc1,1.5222767436429052,270,0.6229508196721312,21.250051009007073
Cc1ccc(C(=O)Nc2cc3c4c(c2)C2C=CC(CC5CCC(COO)C(C)C5)C2CN4CC2CC=CC32)cc1,1.5222164162837766,334,0.608,21.249990681647944
Cc1ccc(C(=O)Nc2cc3c4c(c2)C2C=CC(CC5CCC(N=O)C(C)C5)C2CN4CC2CC=CC32)cc1,1.5206038182226855,264,0.6229508196721312,21.248378083586854
Cc1ccc(C(=O)Nc2cc3c4c(c2)C2C=CC(C=O)(CC5CCCC(C)C5)C2CN4CC2CC=CC32)cc1,1.5180269503394874,221,0.6229508196721312,21.245801215703654
Cc1ccc(C(=O)Nc2cc3c4c(c2)C2C=CC(CC5CCCC(C)(C=O)C5)C2CN4CC2CC=CC32)cc1,1.478128120084523,287,0.6229508196721312,21.20590238544869
Cc1ccc(C(=O)Nc2cc3c4c(c2)C2C=CC(CC5CC(C)CC(N=O)C5)C2CN4CC2CC=CC32)cc1,1.4721345528184488,237,0.6229508196721312,21.199908818182617
Cc1ccc(C(=O)Nc2cc3c4c(c2)C2C=CC(CC5CC(C)CC(N=O)C5)C2CN4CC2CC=CC32)cc1,1.4721345528184488,245,0.6229508196721312,21.199908818182617
Cc1ccc(C(=O)Nc2cc3c4c(c2)C2C=CC(C(ON=O)C5CCCC(C)C5)C2CN4CC2CC=CC32)cc1,1.4585685411958962,212,0.608,21.186342806560063
Cc1ccc(C(=O)Nc2cc3c4c(c2)C2C=CC(CC5CC(C)CCC5S[SH]=N)C2CN4CC2CC=CC32)cc1,1.4549159059377716,358,0.608,21.18269017130194
Cc1ccc(C(=O)Nc2cc3c4c(c2)C2C=CC(CCC5CCCO5)C2CN4CC2CC=CC32)cc1,1.449193473789513,399,0.6608695652173913,21.17696773915368
Cc1ccc(C(=O)Nc2cc3c4c(c2)C2C=CC(C(C=NO)C5CCCC(C)C5)C2CN4CC2CC=CC32)cc1,1.444084598590151,382,0.608,21.17185886395432
Cc1ccc(C(=O)Nc2cc3c4c(c2)C2C=CC(CC(=O)C5CCC5)C2CN4CC2CC=CC32)cc1,1.4200240631362824,152,0.672566371681416,21.14779832850045
Cc1ccc(C(=O)Nc2cc3c4c(c2)C2C=CC(CCC(=O)C5CC5)C2CN4CC2CC=CC32)cc1,1.413162174030949,333,0.672566371681416,21.140936439395116
Cc1ccc(C(=O)Nc2cc3c4c(c2)C2C=CC(CC5CC(C)CCC5N=S=N)C2CN4CC2CC=CC32)cc1,1.4092791885036182,358,0.608,21.137053453867786
Cc1ccc(C(=O)Nc2cc3c4c(c2)C2C=CC(C(C=O)C5CCCC(C)C5)C2CN4CC2CC=CC32)cc1,1.3954263620523806,246,0.6229508196721312,21.123200627416548
C=C(O)CCC1C=CC2c3cc(NC(=O)c4ccc(C)cc4)cc4c3N(CC3CC=CC43)CC12,1.3932323450777264,400,0.6944444444444444,21.121006610441896
Cc1ccc(C(=O)Nc2cc3c4c(c2)C2C=CC(CC5CC(C)CCC5N=S)C2CN4CC2CC=CC32)cc1,1.390377299084021,271,0.6229508196721312,21.11815156444819
Cc1ccc(C(=O)Nc2cc3c4c(c2)C2C=CC(CC5CCCC(C)C5C=O)C2CN4CC2CC=CC32)cc1,1.3858504075819909,270,0.6229508196721312,21.11362467294616
Cc1ccc(C(=O)Nc2cc3c4c(c2)C2C=CC(CC5CC(C)CC(ON=O)C5)C2CN4CC2CC=CC32)cc1,1.3803319676809909,305,0.608,21.10810623304516
Cc1ccc(C(=O)Nc2cc3c4c(c2)C2C=CC(CC5CC(C)CCC5C=O)C2CN4CC2CC=CC32)cc1,1.3778782858299312,288,0.6229508196721312,21.105652551194098
Cc1ccc(C(=O)Nc2cc3c4c(c2)C2C=CC(CC5CCC(C=O)C(C)C5)C2CN4CC2CC=CC32)cc1,1.375238062583259,264,0.6229508196721312,21.103012327947425
C=CC(=C)SC1C=CC2c3cc(NC(=O)c4ccc(C)cc4)cc4c3N(CC3CC=CC43)CC12,1.3603238179147552,158,0.6944444444444444,21.088098083278922
C=CC(=C)SC1C=CC2c3cc(NC(=O)c4ccc(C)cc4)cc4c3N(CC3CC=CC43)CC12,1.3603238179147552,195,0.6944444444444444,21.088098083278922
CC(C(=O)CC1C=CC2c3cc(NC(=O)c4ccc(C)cc4)cc4c3N(CC3CC=CC43)CC12)=C1CC1,1.3515842160191496,84,0.6608695652173913,21.079358481383316
Cc1ccc(C(=O)Nc2cc3c4c(c2)C2C=CC(CSC(=O)C(C)C)C2CN4CC2CC=CC32)cc1,1.3499121490324293,187,0.6637168141592921,21.0776864143966
Cc1ccc(C(=O)Nc2cc3c4c(c2)C2C=CC(CC5CC(C)CCC5C=S=N)C2CN4CC2CC=CC32)cc1,1.3331263317345328,358,0.608,21.0609005970987
Cc1ccc(C(=O)Nc2cc3c4c(c2)C2C=CC(CC5CC(C)CC(C=O)C5)C2CN4CC2CC=CC32)cc1,1.3104393986133034,237,0.6229508196721312,21.038213663977473
Cc1ccc(C(=O)Nc2cc3c4c(c2)C2C=CC(CC5CCCC([PH]6=NO6)C5)C2CN4CC2CC=CC32)cc1,1.3091054245278482,304,0.6178861788617886,21.036879689892018
Cc1ccc(C(=O)Nc2cc3c4c(c2)C2C=CC(CC=C5CCCO5)C2CN4CC2CC=CC32)cc1,1.3060056561902351,310,0.6608695652173913,21.0337799215544
Cc1ccc(C(=O)Nc2cc3c4c(c2)C2C=CC(C(C5CCCC(C)C5)N(C)O)C2CN4CC2CC=CC32)cc1,1.262292968490486,212,0.6129032258064516,20.990067233854653
Cc1ccc(C(=O)Nc2cc3c4c(c2)C2C=CC(CC5CCCC(CNN=O)C5)C2CN4CC2CC=CC32)cc1,1.2591807022836332,238,0.6031746031746031,20.9869549676478
Cc1ccc(C(=O)Nc2cc3c4c(c2)C2C=CC(CC5CCCC(CNN=O)C5)C2CN4CC2CC=CC32)cc1,1.2591807022836332,340,0.6031746031746031,20.9869549676478
CC(=O)CCC1C=CC2c3cc(NC(=O)c4ccc(C)cc4)cc4c3N(CC3CC=CC43)CC12,1.2339015222994336,149,0.6944444444444444,20.9616757876636
CCSC1C=CC2c3cc(NC(=O)c4ccc(C)cc4)cc4c3N(CC3CC=CC43)CC12,1.2141653734057845,109,0.7281553398058253,20.941939638769952
CC1=NC(C2C=CC3c4cc(NC(=O)c5ccc(C)cc5)cc5c4N(CC4CC=CC54)CC23)=C1C,1.213826778498425,194,0.6756756756756757,20.941601043862594
C=C1CCCN(C2C=CC3c4cc(NC(=O)c5ccc(C)cc5)cc5c4N(CC4CC=CC54)CC32)C1=C,1.1990491559589587,147,0.6551724137931034,20.926823421323128
Cc1ccc(C(=O)Nc2cc3c4c(c2)C2C=CC(C(NN=O)C5CCCC(C)C5)C2CN4CC2CC=CC32)cc1,1.1666872132244346,300,0.608,20.894461478588603
Cc1ccc(C(=O)Nc2cc3c4c(c2)C2C=CC(CC5CCCO5)C2CN4CC2CC=CC32)cc1,1.15725233538879,400,0.6785714285714286,20.88502660075296
C=C(OOC1(C)CC1)C1C=CC2c3cc(NC(=O)c4ccc(C)cc4)cc4c3N(CC3CC=CC43)CC12,1.1425986188392887,157,0.6608695652173913,20.870372884203455
Cc1ccc(C(=O)Nc2cc3c4c(c2)C2C=CC(C5=CC5)C2CN4CC2CC=CC32)cc1,1.122904109781835,50,0.7450980392156863,20.850678375146003
Cc1ccc(C(=O)Nc2cc3c4c(c2)C2C=CC(CN5CCCC5C)C2CN4CC2CC=CC32)cc1,1.1105895252707427,399,0.6666666666666666,20.83836379063491
CC1=NCCC1(C)C1C=CC2c3cc(NC(=O)c4ccc(C)cc4)cc4c3N(CC3CC=CC43)CC21,1.106272327553268,78,0.672566371681416,20.834046592917435
CC(=N)CC1C=CC2c3cc(NC(=O)c4ccc(C)cc4)cc4c3N(CC3CC=CC43)CC12,1.1047892124676715,113,0.7142857142857143,20.83256347783184
C=CC1C=CC2c3cc(NC(=O)c4ccc(C)cc4)cc4c3N(CC3CC=CC43)CC12,1.0940699401019134,222,0.75,20.821844205466082
Cc1ccc(C(=O)Nc2cc3c4c(c2)C2C=CC(CC5CCC(NN=O)C(C)C5)C2CN4CC2CC=CC32)cc1,1.0933267316835784,339,0.608,20.821100997047747
Cc1ccc(C(=O)Nc2cc3c4c(c2)C2C=CC(CC=C5CC(=N)CCC5=O)C2CN4CC2CC=CC32)cc1,1.0906376745869704,254,0.6229508196721312,20.81841193995114
Cc1ccc(C(=O)Nc2cc3c4c(c2)C2C=CC(CC5CCCC(C)C5NN=O)C2CN4CC2CC=CC32)cc1,1.0813505915429094,342,0.608,20.809124856907076
CC(C)=NCC1C=CC2c3cc(NC(=O)c4ccc(C)cc4)cc4c3N(CC3CC=CC43)CC12,1.0743277157392048,83,0.6944444444444444,20.802101981103373
CC(C)=NCC1C=CC2c3cc(NC(=O)c4ccc(C)cc4)cc4c3N(CC3CC=CC43)CC12,1.0743277157392048,341,0.6944444444444444,20.802101981103373
Cc1ccc(C(=O)Nc2cc3c4c(c2)C2C=CC(CC5CC(C)CCC5N=S=O)C2CN4CC2CC=CC32)cc1,1.0391852634290792,358,0.608,20.766959528793247
Cc1ccc(C(=O)Nc2cc3c4c(c2)C2C=CC(C5(C)CS5)C2CN4CC2CC=CC32)cc1,1.0385040060874688,195,0.7307692307692307,20.766278271451636
Cc1ccc(C(=O)Nc2cc3c4c(c2)C2C=CC(CC5CCCC(C(N)=O)C5)C2CN4CC2CC=CC32)cc1,1.0088888147268131,244,0.6229508196721312,20.73666308009098
Cc1ccc(C(=O)Nc2cc3c4c(c2)C2C=CC(CCC(=N)O)C2CN4CC2CC=CC32)cc1,0.9911993612825141,327,0.6944444444444444,20.718973626646683
C=C1CCCN1C1C=CC2c3cc(NC(=O)c4ccc(C)cc4)cc4c3N(CC3CC=CC43)CC21,0.9886246001758423,118,0.6846846846846847,20.71639886554001
C=C1CCCN1C1C=CC2c3cc(NC(=O)c4ccc(C)cc4)cc4c3N(CC3CC=CC43)CC21,0.9886246001758423,79,0.6846846846846847,20.71639886554001
C=C1CCCN1C1C=CC2c3cc(NC(=O)c4ccc(C)cc4)cc4c3N(CC3CC=CC43)CC21,0.9886246001758423,182,0.6846846846846847,20.71639886554001
Cc1ccc(C(=O)Nc2cc3c4c(c2)C2C=CC(CCN=N)C2CN4CC2CC=CC32)cc1,0.9867083167792932,303,0.7075471698113207,20.71448258214346
CNCC(C)=NCCCC1C=CC2c3cc(NC(=O)c4ccc(C)cc4)cc4c3N(CC3CC=CC43)CC12,0.9542514253171652,282,0.625,20.682025690681332
CN=C(O)CCC1C=CC2c3cc(NC(=O)c4ccc(C)cc4)cc4c3N(CC3CC=CC43)CC12,0.9474187095934219,398,0.6756756756756757,20.67519297495759
Cc1ccc(C(=O)Nc2cc3c4c(c2)C2C=CC(n5ccnc5C)C2CN4CC2CC=CC32)cc1,0.94026574566928,182,0.6696428571428571,20.668040011033447
Cc1ccc(C(=O)Nc2cc3c4c(c2)C2C=CC(CC5CC(C)CCC5N=[SH]#N)C2CN4CC2CC=CC32)cc1,0.938658163079944,358,0.608,20.66643242844411
Cc1ccc(C(=O)Nc2cc3c4c(c2)C2C=CC(N5CCCC5C)C2CN4CC2CC=CC32)cc1,0.937211213889219,182,0.6846846846846847,20.66498547925339
Cc1ccc(C(=O)Nc2cc3c4c(c2)C2C=CC(N5CCCC5C)C2CN4CC2CC=CC32)cc1,0.937211213889219,83,0.6846846846846847,20.66498547925339
C=C(O)C1C=CC2c3cc(NC(=O)c4ccc(C)cc4)cc4c3N(CC3CC=CC43)CC12,0.9366347487983608,249,0.7352941176470589,20.66440901416253
Cc1ccc(C(=O)Nc2cc3c4c(c2)C2C=CC(CCC(=O)O)C2CN4CC2CC=CC32)cc1,0.9334253126209178,290,0.6944444444444444,20.661199577985087
Cc1ccc(C(=O)Nc2cc3c4c(c2)C2C=CC(CCC(=O)O)C2CN4CC2CC=CC32)cc1,0.9334253126209178,333,0.6944444444444444,20.661199577985087
CC(=O)C=CC1C=CC2c3cc(NC(=O)c4ccc(C)cc4)cc4c3N(CC3CC=CC43)CC12,0.9274068724345235,149,0.6944444444444444,20.655181137798692
Cc1ccc(C(=O)Nc2cc3c4c(c2)C2C=CC(CCC5CCOC5=N)C2CN4CC2CC=CC32)cc1,0.9197425344225127,310,0.6495726495726496,20.64751679978668
Cc1ccc(C(=O)Nc2cc3c4c(c2)C2C=CC(N5C=CCCC5)C2CN4CC2CC=CC32)cc1,0.9196127146477022,20,0.6936936936936937,20.64738698001187
CC(=N)C1C=CC2c3cc(NC(=O)c4ccc(C)cc4)cc4c3N(CC3CC=CC43)CC12,0.8969264478487979,82,0.7352941176470589,20.624700713212967
Cc1ccc(C(=O)Nc2cc3c4c(c2)C2C=CC(CC5=C6CCN65)C2CN4CC2CC=CC32)cc1,0.8933794594452289,114,0.6846846846846847,20.621153724809396
Cc1ccc(C(=O)Nc2cc3c4c(c2)C2C=CC(n5cnc(C)c5)C2CN4CC2CC=CC32)cc1,0.8856687906400174,79,0.6696428571428571,20.613443056004186
Cc1ccc(C(=O)Nc2cc3c4c(c2)C2C=CC(c5ncccn5)C2CN4CC2CC=CC32)cc1,0.8855610806459633,3,0.6637168141592921,20.613335346010132
C=C1C=CSN1C1C=CC2c3cc(NC(=O)c4ccc(C)cc4)cc4c3N(CC3CC=CC43)CC21,0.8736879642375124,255,0.6696428571428571,20.60146222960168
CC(=O)SC1C=CC2c3cc(NC(=O)c4ccc(C)cc4)cc4c3N(CC3CC=CC43)CC12,0.8587911121879188,152,0.7142857142857143,20.586565377552088
CC(=O)SC1C=CC2c3cc(NC(=O)c4ccc(C)cc4)cc4c3N(CC3CC=CC43)CC12,0.8587911121879188,84,0.7142857142857143,20.586565377552088
Cc1ccc(C(=O)Nc2cc3c4c(c2)C2C=CC(C5(C)N=N5)C2CN4CC2CC=CC32)cc1,0.8527401000858537,54,0.7142857142857143,20.58051436545002
Cc1ccc(C(=O)Nc2cc3c4c(c2)C2C=CC(C5=CC6=CN6S5)C2CN4CC2CC=CC32)cc1,0.8372738834181352,51,0.6637168141592921,20.565048148782303
Cc1ccc(C(=O)Nc2cc3c4c(c2)C2C=CC(C=[SH]5CCCCC5)C2CN4CC2CC=CC32)cc1,0.8350056350920041,301,0.6608695652173913,20.56277990045617
Cc1ccc(C(=O)Nc2cc3c4c(c2)C2C=CC(C=S)C2CN4CC2CC=CC32)cc1,0.8333293498782139,20,0.75,20.56110361524238
Cc1ccc(C(=O)Nc2cc3c4c(c2)C2C=CC(CC=C5CCC6OC56)C2CN4CC2CC=CC32)cc1,0.8241686889966315,357,0.6440677966101694,20.5519429543608
C=C1N=NC(CC2C=CC3c4cc(NC(=O)c5ccc(C)cc5)cc5c4N(CC4CC=CC54)CC23)=N1,0.8089182278818865,254,0.6521739130434783,20.536692493246054
Cc1ccc(C(=O)Nc2cc3c4c(c2)C2C=CC(C5(C)CSO5)C2CN4CC2CC=CC32)cc1,0.7942926583679164,283,0.7102803738317757,20.522066923732083
Cc1ccc(C(=O)Nc2cc3c4c(c2)C2C=CC(SN=O)C2CN4CC2CC=CC32)cc1,0.7789152776063799,309,0.7281553398058253,20.50668954297055
Cc1ccc(C(=O)Nc2cc3c4c(c2)C2C=CC(CC5=CC=NC5)C2CN4CC2CC=CC32)cc1,0.7786401005265282,235,0.6785714285714286,20.506414365890695
Cc1ccc(C(=O)Nc2cc3c4c(c2)C2C=CC(NC(C)C)C2CN4CC2CC=CC32)cc1,0.7739978321760264,156,0.7142857142857143,20.501772097540194
Cc1ccc(C(=O)Nc2cc3c4c(c2)C2C=CC(CC5CCCC(C)C5C(C)(N)O)C2CN4CC2CC=CC32)cc1,0.7704975764581645,336,0.6031746031746031,20.498271841822334
Cc1ccc(C(=O)Nc2cc3c4c(c2)C2C=CC(CC5N=N5)C2CN4CC2CC=CC32)cc1,0.7660565234745873,235,0.7075471698113207,20.493830788838757
Cc1ccc(C(=O)Nc2cc3c4c(c2)C2C=CC(CC5=C6N=C56)C2CN4CC2CC=CC32)cc1,0.7544735978821562,254,0.6880733944954128,20.482247863246325
Cc1ccc(C(=O)Nc2cc3c4c(c2)C2C=CC(CN=N)C2CN4CC2CC=CC32)cc1,0.7489098630462803,54,0.7281553398058253,20.476684128410447
Cc1ccc(C(=O)Nc2cc3c4c(c2)C2C=CC(CN=N)C2CN4CC2CC=CC32)cc1,0.7489098630462803,291,0.7281553398058253,20.476684128410447
CC(=NC1=CC1)SNC1C=CC2c3cc(NC(=O)c4ccc(C)cc4)cc4c3N(CC3CC=CC43)CC12,0.7409156448106651,150,0.6551724137931034,20.468689910174835
Cc1ccc(C(=O)Nc2cc3c4c(c2)C2C=CC(CC(=N)O)C2CN4CC2CC=CC32)cc1,0.740271471479719,283,0.7142857142857143,20.468045736843887
Cc1ccc(C(=O)Nc2cc3c4c(c2)C2C=CC(CC(=N)O)C2CN4CC2CC=CC32)cc1,0.740271471479719,82,0.7142857142857143,20.468045736843887
CC(=NO)C1C=CC2c3cc(NC(=O)c4ccc(C)cc4)cc4c3N(CC3CC=CC43)CC12,0.7115607023840607,188,0.7142857142857143,20.43933496774823
C=C(OO)C1C=CC2c3cc(NC(=O)c4ccc(C)cc4)cc4c3N(CC3CC=CC43)CC12,0.7092425240925542,115,0.7142857142857143,20.437016789456724
Cc1ccc(C(=O)Nc2cc3c4c(c2)C2C=CC(CCC5CC[SH]=C5O)C2CN4CC2CC=CC32)cc1,0.692973932771817,327,0.6495726495726496,20.420748198135986
Cc1ccc(C(=O)Nc2cc3c4c(c2)C2C=CC(C56CC5CSC6=N)C2CN4CC2CC=CC32)cc1,0.6833268766778797,109,0.6666666666666666,20.41110114204205
CN=NCC1C=CC2c3cc(NC(=O)c4ccc(C)cc4)cc4c3N(CC3CC=CC43)CC12,0.6823229394932233,326,0.7075471698113207,20.41009720485739
Cc1ccc(C(=O)Nc2cc3c4c(c2)C2C=CC(C(C5CCCC(C)C5)N(N)O)C2CN4CC2CC=CC32)cc1,0.6709410846267656,382,0.6129032258064516,20.398715349990933
C=C1C=CCN1C1C=CC2c3cc(NC(=O)c4ccc(C)cc4)cc4c3N(CC3CC=CC43)CC21,0.6633990357744357,329,0.7,20.391173301138604
Cc1ccc(C(=O)Nc2cc3c4c(c2)C2C=CC(N=N)C2CN4CC2CC=CC32)cc1,0.6579075671989687,242,0.75,20.385681832563137
Cc1ccc(C(=O)Nc2cc3c4c(c2)C2C=CC(N=N)C2CN4CC2CC=CC32)cc1,0.6579075671989687,49,0.75,20.385681832563137
Cc1ccc(C(=O)Nc2cc3c4c(c2)C2C=CC(CN=O)C2CN4CC2CC=CC32)cc1,0.647485138016354,309,0.7281553398058253,20.37525940338052
C=C(C)C(=O)NCC1C=CC2c3cc(NC(=O)c4ccc(C)cc4)cc4c3N(CC3CC=CC43)CC12,0.6413283444828264,197,0.6637168141592921,20.369102609846994
C=C(C)C(=O)NCC1C=CC2c3cc(NC(=O)c4ccc(C)cc4)cc4c3N(CC3CC=CC43)CC12,0.6413283444828264,193,0.6637168141592921,20.369102609846994
Cc1ccc(C(=O)Nc2cc3c4c(c2)C2C=CC(C5=CC=NC5)C2CN4CC2CC=CC32)cc1,0.6387995662814332,27,0.6972477064220184,20.366573831645603
CNC(=O)CCC1C=CC2c3cc(NC(=O)c4ccc(C)cc4)cc4c3N(CC3CC=CC43)CC12,0.6377654350291591,333,0.6756756756756757,20.365539700393327
C=C1CN=C(CC2C=CC3c4cc(NC(=O)c5ccc(C)cc5)cc5c4N(CC4CC=CC54)CC23)O1,0.6280274487176605,327,0.6666666666666666,20.355801714081828
Cc1ccc(C(=O)Nc2cc3c4c(c2)C2C=CC(N5CCCC5=N)C2CN4CC2CC=CC32)cc1,0.6218052890094252,78,0.6846846846846847,20.349579554373594
Cc1ccc(C(=O)Nc2cc3c4c(c2)C2C=CC(CC=O)C2CN4CC2CC=CC32)cc1,0.6192362489817991,243,0.7281553398058253,20.347010514345968
Cc1ccc(C(=O)Nc2cc3c4c(c2)C2C=CC(CON=N)C2CN4CC2CC=CC32)cc1,0.618771478364855,146,0.7075471698113207,20.346545743729024
C=C1N=C(CC2C=CC3c4cc(NC(=O)c5ccc(C)cc5)cc5c4N(CC4CC=CC54)CC23)CO1,0.6067566269161997,388,0.6666666666666666,20.33453089228037
Cc1ccc(C(=O)Nc2cc3c4c(c2)C2C=CC(CC5=NNCCC5)C2CN4CC2CC=CC32)cc1,0.5955744779319307,250,0.6608695652173913,20.323348743296098
CC(N)=NCCC1C=CC2c3cc(NC(=O)c4ccc(C)cc4)cc4c3N(CC3CC=CC43)CC12,0.5917419297506226,398,0.6756756756756757,20.31951619511479
CC1=[SH]2C1=C2C1C=CC2c3cc(NC(=O)c4ccc(C)cc4)cc4c3N(CC3CC=CC43)CC12,0.5841073665993557,151,0.6944444444444444,20.311881631963523
C=[PH](CC)OC1C=CC2c3cc(NC(=O)c4ccc(C)cc4)cc4c3N(CC3CC=CC43)CC12,0.582791280048979,117,0.6944444444444444,20.310565545413148
Cc1ccc(C(=O)Nc2cc3c4c(c2)C2C=CC(N5CSC(C)SO5)C2CN4CC2CC=CC32)cc1,0.5773908786422299,195,0.6666666666666666,20.3051651440064
Cc1ccc(C(=O)Nc2cc3c4c(c2)C2C=CC(C5(C)OCCO5)C2CN4CC2CC=CC32)cc1,0.5747795224137282,400,0.6846846846846847,20.302553787777896
CC(C=CCCC1C=CC2c3cc(NC(=O)c4ccc(C)cc4)cc4c3N(CC3CC=CC43)CC12)=NNN,0.5742357024595341,398,0.625,20.302009967823704
Cc1ccc(C(=O)Nc2cc3c4c(c2)C2C=CC(C=NN=N)C2CN4CC2CC=CC32)cc1,0.5712515615064107,397,0.7075471698113207,20.29902582687058
Cc1ccc(C(=O)Nc2cc3c4c(c2)C2C=CC(N=O)C2CN4CC2CC=CC32)cc1,0.5637615430735028,249,0.75,20.291535808437672
Cc1ccc(C(=O)Nc2cc3c4c(c2)C2C=CC(C5CCC(=N)O5)C2CN4CC2CC=CC32)cc1,0.5544988869931116,78,0.6846846846846847,20.28227315235728
Cc1ccc(C(=O)Nc2cc3c4c(c2)C2C=CC(CN5CCSC5=N)C2CN4CC2CC=CC32)cc1,0.541946624980183,282,0.6666666666666666,20.269720890344352
C=C1CC(C2C=CC3c4cc(NC(=O)c5ccc(C)cc5)cc5c4N(CC4CC=CC54)CC23)=[SH]C1=N,0.5347615469266866,78,0.672566371681416,20.262535812290857
Cc1ccc(C(=O)Nc2cc3c4c(c2)C2C=CC(COO)C2CN4CC2CC=CC32)cc1,0.52985309535196,81,0.7281553398058253,20.25762736071613
CC1=[SH]C=C(C2C=CC3c4cc(NC(=O)c5ccc(C)cc5)cc5c4N(CC4CC=CC54)CC23)N1C,0.528473905416126,301,0.6578947368421053,20.256248170780296
Cc1ccc(C(=O)Nc2cc3c4c(c2)C2C=CC(NC(=O)N=NC5=CC5)C2CN4CC2CC=CC32)cc1,0.52707541859137,112,0.6551724137931034,20.254849683955538
Cc1ccc(C(=O)Nc2cc3c4c(c2)C2C=CC(ON=N)C2CN4CC2CC=CC32)cc1,0.5162758805299368,55,0.7281553398058253,20.244050145894104
Cc1ccc(C(=O)Nc2cc3c4c(c2)C2C=CC(CC5COCCO5)C2CN4CC2CC=CC32)cc1,0.5027550713253544,250,0.6608695652173913,20.23052933668952
C=C1N=C(C2C=CC3c4cc(NC(=O)c5ccc(C)cc5)cc5c4N(CC4CC=CC54)CC23)NS1,0.49631190833747296,329,0.6696428571428571,20.22408617370164
CN=NN=CC1C=CC2c3cc(NC(=O)c4ccc(C)cc4)cc4c3N(CC3CC=CC43)CC12,0.49591835355677505,154,0.6880733944954128,20.223692618920943
Cc1ccc(C(=O)Nc2cc3c4c(c2)C2C=CC(CC(=O)N5CS5)C2CN4CC2CC=CC32)cc1,0.48692072433442823,197,0.6909090909090909,20.214694989698597
Cc1ccc(C(=O)Nc2cc3c4c(c2)C2C=CC(C56CC5CSC6=O)C2CN4CC2CC=CC32)cc1,0.48153818828334716,383,0.6666666666666666,20.209312453647517
C=C(N)C(=N)CC1C=CC2c3cc(NC(=O)c4ccc(C)cc4)cc4c3N(CC3CC=CC43)CC12,0.480233496417694,357,0.6818181818181818,20.20800776178186
Cc1ccc(C(=O)Nc2cc3c4c(c2)C2C=CC(CCC(N)=O)C2CN4CC2CC=CC32)cc1,0.4794998055855333,290,0.6944444444444444,20.2072740709497
Cc1ccc(C(=O)Nc2cc3c4c(c2)C2C=CC(N5C=C6CC6S5)C2CN4CC2CC=CC32)cc1,0.45546850229774183,3,0.6785714285714286,20.18324276766191
Cc1ccc(C(=O)Nc2cc3c4c(c2)C2C=CC(C5(C)C6=[SH]5CCC6)C2CN4CC2CC=CC32)cc1,0.4520319620793889,151,0.6666666666666666,20.179806227443557
Cc1ccc(C(=O)Nc2cc3c4c(c2)C2C=CC(C5=NOCSC5)C2CN4CC2CC=CC32)cc1,0.4268866968955338,26,0.6785714285714286,20.1546609622597
Cc1ccc(C(=O)Nc2cc3c4c(c2)C2C=CC(OO)C2CN4CC2CC=CC32)cc1,0.42671935347738743,26,0.75,20.154493618841556
COC(N)CCC1C=CC2c3cc(NC(=O)c4ccc(C)cc4)cc4c3N(CC3CC=CC43)CC12,0.42543833362435435,310,0.6756756756756757,20.15321259898852
C=NC(=O)CC1C=CC2c3cc(NC(=O)c4ccc(C)cc4)cc4c3N(CC3CC=CC43)CC12,0.41939571251813246,84,0.6944444444444444,20.1471699778823
C=NC(=O)CC1C=CC2c3cc(NC(=O)c4ccc(C)cc4)cc4c3N(CC3CC=CC43)CC12,0.41939571251813246,196,0.6944444444444444,20.1471699778823
C=NC(=O)CC1C=CC2c3cc(NC(=O)c4ccc(C)cc4)cc4c3N(CC3CC=CC43)CC12,0.41939571251813246,193,0.6944444444444444,20.1471699778823
C=NC(=O)CC1C=CC2c3cc(NC(=O)c4ccc(C)cc4)cc4c3N(CC3CC=CC43)CC12,0.41939571251813246,112,0.6944444444444444,20.1471699778823
Cc1ccc(C(=O)Nc2cc3c4c(c2)C2C=CC(C=NO)C2CN4CC2CC=CC32)cc1,0.41709656684450813,55,0.7281553398058253,20.144870832208674
Cc1ccc(C(=O)Nc2cc3c4c(c2)C2C=CC(c5n[nH]nc5C)C2CN4CC2CC=CC32)cc1,0.4158798735492131,150,0.6696428571428571,20.14365413891338
CC(=O)NCC1C=CC2c3cc(NC(=O)c4ccc(C)cc4)cc4c3N(CC3CC=CC43)CC12,0.40504723194433123,152,0.6944444444444444,20.1328214973085
C=C1C=C(C)NN(C2C=CC3c4cc(NC(=O)c5ccc(C)cc5)cc5c4N(CC4CC=CC54)CC32)C1,0.39275964177691325,147,0.6551724137931034,20.12053390714108
Cc1ccc(C(=O)Nc2cc3c4c(c2)C2C=CC(N(C)N=N)C2CN4CC2CC=CC32)cc1,0.3926877290463211,397,0.7142857142857143,20.12046199441049
Cc1ccc(C(=O)Nc2cc3c4c(c2)C2C=CC(N5CC5)C2CN4CC2CC=CC32)cc1,0.38688990246487864,27,0.7450980392156863,20.114664167829048
CC(N)=NSC1C=CC2c3cc(NC(=O)c4ccc(C)cc4)cc4c3N(CC3CC=CC43)CC12,0.38559883070572165,150,0.6944444444444444,20.11337309606989
Cc1ccc(C(=O)Nc2cc3c4c(c2)C2C=CC(C=O)C2CN4CC2CC=CC32)cc1,0.37765187013174284,27,0.75,20.10542613549591
Cc1ccc(C(=O)Nc2cc3c4c(c2)C2C=CC(C=O)C2CN4CC2CC=CC32)cc1,0.37765187013174284,249,0.75,20.10542613549591
Cc1ccc(C(=O)Nc2cc3c4c(c2)C2C=CC(C=O)C2CN4CC2CC=CC32)cc1,0.37765187013174284,26,0.75,20.10542613549591
Cc1ccc(C(=O)Nc2cc3c4c(c2)C2C=CC(C5=C6CN=N[SH]65)C2CN4CC2CC=CC32)cc1,0.36694797776847876,255,0.6785714285714286,20.094722243132647
C=C1OCCN1C1C=CC2c3cc(NC(=O)c4ccc(C)cc4)cc4c3N(CC3CC=CC43)CC21,0.3576208715648921,329,0.6846846846846847,20.08539513692906
C=C1OCCN1C1C=CC2c3cc(NC(=O)c4ccc(C)cc4)cc4c3N(CC3CC=CC43)CC21,0.3576208715648921,118,0.6846846846846847,20.08539513692906
C=C1OCCN1C1C=CC2c3cc(NC(=O)c4ccc(C)cc4)cc4c3N(CC3CC=CC43)CC21,0.3576208715648921,200,0.6846846846846847,20.08539513692906
Cc1ccc(C(=O)Nc2cc3c4c(c2)C2C=CC(COC5CCOCO5)C2CN4CC2CC=CC32)cc1,0.34310668321200644,310,0.6440677966101694,20.070880948576175
Cc1ccc(C(=O)Nc2cc3c4c(c2)C2C=CC(c5[nH]cnc5N)C2CN4CC2CC=CC32)cc1,0.33612008012562966,79,0.6696428571428571,20.063894345489796
CC1=[SH]N1CC1C=CC2c3cc(NC(=O)c4ccc(C)cc4)cc4c3N(CC3CC=CC43)CC12,0.33492842810324497,295,0.6944444444444444,20.062702693467415
Cc1ccc(C(=O)Nc2cc3c4c(c2)C2C=CC(N5C=P5)C2CN4CC2CC=CC32)cc1,0.3308618470329656,117,0.7281553398058253,20.058636112397135
C=C(CN(C)C1C=CC2c3cc(NC(=O)c4ccc(C)cc4)cc4c3N(CC3CC=CC43)CC21)OOC,0.330288206896326,157,0.646551724137931,20.058062472260495
CC(N)=NCC1C=CC2c3cc(NC(=O)c4ccc(C)cc4)cc4c3N(CC3CC=CC43)CC12,0.32421451672899226,148,0.6944444444444444,20.05198878209316
CC(N)=NCC1C=CC2c3cc(NC(=O)c4ccc(C)cc4)cc4c3N(CC3CC=CC43)CC12,0.32421451672899226,194,0.6944444444444444,20.05198878209316
CC(N)=NCC1C=CC2c3cc(NC(=O)c4ccc(C)cc4)cc4c3N(CC3CC=CC43)CC12,0.32421451672899226,113,0.6944444444444444,20.05198878209316
Cc1ccc(C(=O)Nc2cc3c4c(c2)C2C=CC(N5CCC5=N)C2CN4CC2CC=CC32)cc1,0.3212525695641528,53,0.7037037037037037,20.04902683492832
Cc1ccc(C(=O)Nc2cc3c4c(c2)C2C=CC(CN5C=COC5)C2CN4CC2CC=CC32)cc1,0.30541806775141445,243,0.6785714285714286,20.033192333115583
Cc1ccc(C(=O)Nc2cc3c4c(c2)C2C=CC(C5=NN5S)C2CN4CC2CC=CC32)cc1,0.3038218391656966,191,0.7142857142857143,20.031596104529864
Cc1ccc(C(=O)Nc2cc3c4c(c2)C2C=CC(NC(=O)O)C2CN4CC2CC=CC32)cc1,0.2958917766493261,283,0.7142857142857143,20.023666042013495
Cc1ccc(C(=O)Nc2cc3c4c(c2)C2C=CC(NC(=O)O)C2CN4CC2CC=CC32)cc1,0.2958917766493261,196,0.7142857142857143,20.023666042013495
Cc1ccc(C(=O)Nc2cc3c4c(c2)C2C=CC(NC(=O)O)C2CN4CC2CC=CC32)cc1,0.2958917766493261,159,0.7142857142857143,20.023666042013495
Cc1ccc(C(=O)Nc2cc3c4c(c2)C2C=CC(c5ncncn5)C2CN4CC2CC=CC32)cc1,0.2957820629422474,49,0.6637168141592921,20.023556328306416
Cc1ccc(C(=O)Nc2cc3c4c(c2)C2C=CC(C5=[SH]C5)C2CN4CC2CC=CC32)cc1,0.2854494640424132,222,0.7450980392156863,20.013223729406583
Cc1ccc(C(=O)Nc2cc3c4c(c2)C2C=CC(C5=[SH]C5)C2CN4CC2CC=CC32)cc1,0.2854494640424132,80,0.7450980392156863,20.013223729406583
CC(=O)NC1C=CC2c3cc(NC(=O)c4ccc(C)cc4)cc4c3N(CC3CC=CC43)CC12,0.2732524955531255,110,0.7142857142857143,20.001026760917295
CC(=O)NC1C=CC2c3cc(NC(=O)c4ccc(C)cc4)cc4c3N(CC3CC=CC43)CC12,0.2732524955531255,77,0.7142857142857143,20.001026760917295
CC(=O)NC1C=CC2c3cc(NC(=O)c4ccc(C)cc4)cc4c3N(CC3CC=CC43)CC12,0.2732524955531255,77,0.7142857142857143,20.001026760917295
CC(=O)NC1C=CC2c3cc(NC(=O)c4ccc(C)cc4)cc4c3N(CC3CC=CC43)CC12,0.2732524955531255,332,0.7142857142857143,20.001026760917295
CC(=O)NC1C=CC2c3cc(NC(=O)c4ccc(C)cc4)cc4c3N(CC3CC=CC43)CC12,0.2732524955531255,108,0.7142857142857143,20.001026760917295
CC(=O)NC1C=CC2c3cc(NC(=O)c4ccc(C)cc4)cc4c3N(CC3CC=CC43)CC12,0.2732524955531255,332,0.7142857142857143,20.001026760917295
CC(=O)NC1C=CC2c3cc(NC(=O)c4ccc(C)cc4)cc4c3N(CC3CC=CC43)CC12,0.2732524955531255,383,0.7142857142857143,20.001026760917295
CNN(C(C)SC)C1C=CC2c3cc(NC(=O)c4ccc(C)cc4)cc4c3N(CC3CC=CC43)CC21,0.2713817269799055,195,0.6637168141592921,19.999155992344072
C=C1CC2OC2N(C2C=CC3c4cc(NC(=O)c5ccc(C)cc5)cc5c4N(CC4CC=CC54)CC32)S1,0.26441238917518506,181,0.6495726495726496,19.992186654539353
C=C(ON(C)C1C=CC2c3cc(NC(=O)c4ccc(C)cc4)cc4c3N(CC3CC=CC43)CC21)C1COC1,0.2315705355753499,50,0.6440677966101694,19.95934480093952
Cc1ccc(C(=O)Nc2cc3c4c(c2)C2C=CC(C5=[SH]C5=N)C2CN4CC2CC=CC32)cc1,0.21526446626545415,151,0.7142857142857143,19.94303873162962
C=C1NC=CN1C1C=CC2c3cc(NC(=O)c4ccc(C)cc4)cc4c3N(CC3CC=CC43)CC21,0.20491387437133102,329,0.6696428571428571,19.9326881397355
Cc1ccc(C(=O)Nc2cc3c4c(c2)C2C=CC(C5=[SH]N5S)C2CN4CC2CC=CC32)cc1,0.20371154568920335,190,0.7142857142857143,19.93148581105337
C=NC(=C1N=C1C1C=CC2c3cc(NC(=O)c4ccc(C)cc4)cc4c3N(CC3CC=CC43)CC12)[PH](=C)N=O,0.18771071687434215,27,0.6147540983606558,19.91548498223851
CNC(C)OC1C=CC2c3cc(NC(=O)c4ccc(C)cc4)cc4c3N(CC3CC=CC43)CC12,0.1829737020317328,200,0.6944444444444444,19.9107479673959
Cc1ccc(C(=O)Nc2cc3c4c(c2)C2C=CC(C5=C(SCCN)N5)C2CN4CC2CC=CC32)cc1,0.18157344567364997,20,0.6521739130434783,19.909347711037817
Cc1ccc(C(=O)Nc2cc3c4c(c2)C2C=CC(C#COO)C2CN4CC2CC=CC32)cc1,0.1717060166239237,115,0.7075471698113207,19.89948028198809
Cc1ccc(C(=O)Nc2cc3c4c(c2)C2C=CC(NN=N)C2CN4CC2CC=CC32)cc1,0.16364913141874737,291,0.7281553398058253,19.891423396782915
Cc1ccc(C(=O)Nc2cc3c4c(c2)C2C=CC(NN=N)C2CN4CC2CC=CC32)cc1,0.16364913141874737,85,0.7281553398058253,19.891423396782915
Cc1ccc(C(=O)Nc2cc3c4c(c2)C2C=CC(CC5(N)CCO5)C2CN4CC2CC=CC32)cc1,0.1282002093374477,327,0.6909090909090909,19.855974474701615
Cc1ccc(C(=O)Nc2cc3c4c(c2)C2C=CC(CC5(N)OCCS5)C2CN4CC2CC=CC32)cc1,0.12303537528132358,330,0.6666666666666666,19.85080964064549
Cc1ccc(C(=O)Nc2cc3c4c(c2)C2C=CC(C5=NN5)C2CN4CC2CC=CC32)cc1,0.09977506657356017,82,0.7281553398058253,19.82754933193773
Cc1ccc(C(=O)Nc2cc3c4c(c2)C2C=CC(C5=NN5)C2CN4CC2CC=CC32)cc1,0.09977506657356017,53,0.7281553398058253,19.82754933193773
Cc1ccc(C(=O)Nc2cc3c4c(c2)C2C=CC(C5=NN5)C2CN4CC2CC=CC32)cc1,0.09977506657356017,3,0.7281553398058253,19.82754933193773
Cc1ccc(C(=O)Nc2cc3c4c(c2)C2C=CC(N5CCC6=CN65)C2CN4CC2CC=CC32)cc1,0.09851277010983828,50,0.6785714285714286,19.826287035474007
Cc1ccc(C(=O)Nc2cc3c4c(c2)C2C=CC(N5C(N)=C5S)C2CN4CC2CC=CC32)cc1,0.09099439475725202,114,0.7009345794392523,19.81876866012142
Cc1ccc(C(=O)Nc2cc3c4c(c2)C2C=CC(CNC(=N)O)C2CN4CC2CC=CC32)cc1,0.0766238737759215,282,0.6944444444444444,19.80439813914009
Cc1ccc(C(=O)Nc2cc3c4c(c2)C2C=CC(CCC5=NC6=[SH]N56)C2CN4CC2CC=CC32)cc1,0.0742922905252894,295,0.646551724137931,19.802066555889457
Cc1ccc(C(=O)Nc2cc3c4c(c2)C2C=CC(OC5CCNC5)C2CN4CC2CC=CC32)cc1,0.0734144850416707,49,0.6785714285714286,19.80118875040584
C=C1N=CN2C(C3C=CC4c5cc(NC(=O)c6ccc(C)cc6)cc6c5N(CC5CC=CC65)CC34)=S12,0.0723955359450037,181,0.6521739130434783,19.80016980130917
Cc1ccc(C(=O)Nc2cc3c4c(c2)C2C=CC(OC(C)N)C2CN4CC2CC=CC32)cc1,0.07035206814947714,86,0.7142857142857143,19.798126333513647
Cc1ccc(C(=O)Nc2cc3c4c(c2)C2C=CC(CN5OOCCS5)C2CN4CC2CC=CC32)cc1,0.0592500091663708,55,0.6608695652173913,19.787024274530538
CNC(=O)NC1C=CC2c3cc(NC(=O)c4ccc(C)cc4)cc4c3N(CC3CC=CC43)CC12,0.04710479981646487,155,0.6944444444444444,19.774879065180635
CNC(=O)NC1C=CC2c3cc(NC(=O)c4ccc(C)cc4)cc4c3N(CC3CC=CC43)CC12,0.04710479981646487,196,0.6944444444444444,19.774879065180635
C=C1CN(C2C=CC3c4cc(NC(=O)c5ccc(C)cc5)cc5c4N(CC4CC=CC54)CC32)C1=O,0.038526890659792645,255,0.6909090909090909,19.76630115602396
C=C1CN(C2C=CC3c4cc(NC(=O)c5ccc(C)cc5)cc5c4N(CC4CC=CC54)CC32)C=[SH]1,0.03081047851737395,51,0.6846846846846847,19.758584743881542
CCCC(N)NCOC1C=CC2c3cc(NC(=O)c4ccc(C)cc4)cc4c3N(CC3CC=CC43)CC12,0.02864635196047316,86,0.6410256410256411,19.75642061732464
Cc1ccc(C(=O)Nc2cc3c4c(c2)C2C=CC(C=NN)C2CN4CC2CC=CC32)cc1,0.012328031167343934,85,0.7281553398058253,19.74010229653151
C=C1CC(C2C=CC3c4cc(NC(=O)c5ccc(C)cc5)cc5c4N(CC4CC=CC54)CC23)=NC(N)=[SH]1,0.00641553048125898,301,0.6551724137931034,19.734189795845428
C=C1N=C=CN1C1C=CC2c3cc(NC(=O)c4ccc(C)cc4)cc4c3N(CC3CC=CC43)CC21,-0.0008255897971607418,118,0.6696428571428571,19.72694867556701
Cc1ccc(C(=O)Nc2cc3c4c(c2)C2C=CC(C56CC5CCN(O)O6)C2CN4CC2CC=CC32)cc1,-0.007483542407361821,55,0.6495726495726496,19.720290722956808
Cc1ccc(C(=O)Nc2cc3c4c(c2)C2C=CC(N(C)C(C)N)C2CN4CC2CC=CC32)cc1,-0.03531430661386792,199,0.7009345794392523,19.6924599587503
Cc1ccc(C(=O)Nc2cc3c4c(c2)C2C=CC(N5C=[SH]5)C2CN4CC2CC=CC32)cc1,-0.04723659876810471,80,0.7281553398058253,19.680537666596063
Cc1ccc(C(=O)Nc2cc3c4c(c2)C2C=CC(N5C=[SH]5)C2CN4CC2CC=CC32)cc1,-0.04723659876810471,301,0.7281553398058253,19.680537666596063
Cc1ccc(C(=O)Nc2cc3c4c(c2)C2C=CC(CN5CCNC5)C2CN4CC2CC=CC32)cc1,-0.047672325990445685,235,0.6785714285714286,19.68010193937372
C=C1NC(CC2C=CC3c4cc(NC(=O)c5ccc(C)cc5)cc5c4N(CC4CC=CC54)CC23)=C2NC12,-0.0490285849169958,330,0.635593220338983,19.67874568044717
Cc1ccc(C(=O)Nc2cc3c4c(c2)C2C=CC(C(N)=O)C2CN4CC2CC=CC32)cc1,-0.05521138295649264,25,0.7352941176470589,19.672562882407675
Cc1ccc(C(=O)Nc2cc3c4c(c2)C2C=CC(C(N)=O)C2CN4CC2CC=CC32)cc1,-0.05521138295649264,222,0.7352941176470589,19.672562882407675
Cc1ccc(C(=O)Nc2cc3c4c(c2)C2C=CC(C5=NC(O)=[SH]C5)C2CN4CC2CC=CC32)cc1,-0.07336264435996331,283,0.6846846846846847,19.654411621004204
Cc1ccc(C(=O)Nc2cc3c4c(c2)C2C=CC(N5CCN5C)C2CN4CC2CC=CC32)cc1,-0.07887313395518403,85,0.7037037037037037,19.648901131408984
CC(=N)N(N)C1C=CC2c3cc(NC(=O)c4ccc(C)cc4)cc4c3N(CC3CC=CC43)CC21,-0.09870232759880015,79,0.7009345794392523,19.629071937765367
C=C1CN(C2C=CC3c4cc(NC(=O)c5ccc(C)cc5)cc5c4N(CC4CC=CC54)CC32)CN1,-0.10053576834508848,51,0.6846846846846847,19.62723849701908
Cc1ccc(C(=O)Nc2cc3c4c(c2)C2C=CC(C5(C)OC5N)C2CN4CC2CC=CC32)cc1,-0.10627049735669236,200,0.7009345794392523,19.621503768007475
Cc1ccc(C(=O)Nc2cc3c4c(c2)C2C=CC(C5NC(C)N5)C2CN4CC2CC=CC32)cc1,-0.11507099879866178,86,0.6944444444444444,19.612703266565507
CNC1C(C)C1OC1C=CC2c3cc(NC(=O)c4ccc(C)cc4)cc4c3N(CC3CC=CC43)CC12,-0.1364356388940462,400,0.6578947368421053,19.591338626470122
Cc1ccc(C(=O)Nc2cc3c4c(c2)C2C=CC(NC(N)=O)C2CN4CC2CC=CC32)cc1,-0.13884975524395626,108,0.7142857142857143,19.58892451012021
C=C1CNN(C2C=CC3c4cc(NC(=O)c5ccc(C)cc5)cc5c4N(CC4CC=CC54)CC32)C1,-0.17412537608736778,51,0.6846846846846847,19.5536488892768
Cc1ccc(C(=O)Nc2cc3c4c(c2)C2C=CC(C5=C(N=CO)N6CC56)C2CN4CC2CC=CC32)cc1,-0.19211182361865142,242,0.6495726495726496,19.535662441745515
C=[PH]1OCC2C(=C2C2C=CC3c4cc(NC(=O)c5ccc(C)cc5)cc5c4N(CC4CC=CC54)CC23)C1=O,-0.19977027376732215,192,0.6386554621848739,19.528003991596847
Cc1ccc(C(=O)Nc2cc3c4c(c2)C2C=CC(SN(C)C(=O)NN)C2CN4CC2CC=CC32)cc1,-0.243427261230305,155,0.6637168141592921,19.484347004133863
Cc1ccc(C(=O)Nc2cc3c4c(c2)C2C=CC(CC(=O)NN)C2CN4CC2CC=CC32)cc1,-0.25626948569647445,159,0.6944444444444444,19.471504779667693
Cc1ccc(C(=O)Nc2cc3c4c(c2)C2C=CC(N(C)C(N)S)C2CN4CC2CC=CC32)cc1,-0.2568585052293455,199,0.7009345794392523,19.470915760134822
C=[PH]1CN(C2C=CC3c4cc(NC(=O)c5ccc(C)cc5)cc5c4N(CC4CC=CC54)CC32)CC=N1,-0.33247254133481596,192,0.6666666666666666,19.395301724029352
Cc1ccc(C(=O)Nc2cc3c4c(c2)C2C=CC(N5N=C5N)C2CN4CC2CC=CC32)cc1,-0.3691135256899727,199,0.7142857142857143,19.358660739674196
Cc1ccc(C(=O)Nc2cc3c4c(c2)C2C=CC(CN5CC6C=C(C6)C5=N)C2CN4CC2CC=CC32)cc1,-0.4027081371451433,330,0.6386554621848739,19.325066128219024
Cc1ccc(C(=O)Nc2cc3c4c(c2)C2C=CC(C5=C=CN(N)O5)C2CN4CC2CC=CC32)cc1,-0.40582577466139824,55,0.6696428571428571,19.32194849070277
Cc1ccc(C(=O)Nc2cc3c4c(c2)C2C=CC(c5nc(=N)[nH][nH]5)C2CN4CC2CC=CC32)cc1,-0.45094660228517847,148,0.6696428571428571,19.27682766307899
Cc1ccc(C(=O)Nc2cc3c4c(c2)C2C=CC(N5C(=N)COCC5=O)C2CN4CC2CC=CC32)cc1,-0.45167225578915016,86,0.6551724137931034,19.27610200957502
Cc1ccc(C(=O)Nc2cc3c4c(c2)C2C=CC(N5C=COC5N)C2CN4CC2CC=CC32)cc1,-0.5182319499049963,199,0.6696428571428571,19.20954231545917
Cc1ccc(C(=O)Nc2cc3c4c(c2)C2C=CC(CCC(N)NN)C2CN4CC2CC=CC32)cc1,-0.5182407955503336,330,0.6756756756756757,19.209533469813834
Cc1ccc(C(=O)Nc2cc3c4c(c2)C2C=CC(N5NOC(C)C5=N)C2CN4CC2CC=CC32)cc1,-0.5397819543012636,82,0.6578947368421053,19.187992311062903
C=C1NCNN1C1C=CC2c3cc(NC(=O)c4ccc(C)cc4)cc4c3N(CC3CC=CC43)CC21,-0.5429972022534773,86,0.6846846846846847,19.18477706311069
Cc1ccc(C(=O)Nc2cc3c4c(c2)C2C=CC(NC(=O)NN)C2CN4CC2CC=CC32)cc1,-0.5522131733460253,159,0.6944444444444444,19.175561092018143
C=[PH]1CNCN1C1C=CC2c3cc(NC(=O)c4ccc(C)cc4)cc4c3N(CC3CC=CC43)CC21,-0.6095806362179885,117,0.6846846846846847,19.11819362914618
Cc1ccc(C(=O)Nc2cc3c4c(c2)C2C=CC(N5C(=N)N=NN6CC65)C2CN4CC2CC=CC32)cc1,-0.6616179937889812,341,0.6495726495726496,19.06615627157519
Cc1ccc(C(=O)Nc2cc3c4c(c2)C2C=CC(CC(=O)N(N)N)C2CN4CC2CC=CC32)cc1,-0.7672983698623032,197,0.6818181818181818,18.960475895501865
Cc1ccc(C(=O)Nc2cc3c4c(c2)C2C=CC([PH]56=C(N)CN5C6)C2CN4CC2CC=CC32)cc1,-0.7793113778550234,117,0.6846846846846847,18.948462887509145
Cc1ccc(C(=O)Nc2cc3c4c(c2)C2C=CC(Cn5cnc(=N)nn5)C2CN4CC2CC=CC32)cc1,-0.8170432070722091,282,0.635593220338983,18.910731058291958
Cc1ccc(C(=O)Nc2cc3c4c(c2)C2C=CC(CN5CNC(N)=[SH]C5=O)C2CN4CC2CC=CC32)cc1,-0.9618002671529866,330,0.6386554621848739,18.76597399821118
Cc1ccc(C(=O)Nc2cc3c4c(c2)C2C=CC(N5NCNC5=N)C2CN4CC2CC=CC32)cc1,-0.9654964828595602,199,0.6846846846846847,18.762277782504608
Cc1ccc(C(=O)Nc2cc3c4c(c2)C2C=CC(OC5C6=[SH]5CNC6)C2CN4CC2CC=CC32)cc1,-1.0190432555283038,151,0.6608695652173913,18.708731009835866
Cc1ccc(C(=O)Nc2cc3c4c(c2)C2C=CC(N5NCN6C(N)=C65)C2CN4CC2CC=CC32)cc1,-1.0776095511706383,114,0.6666666666666666,18.65016471419353
Cc1ccc(C(=O)Nc2cc3c4c(c2)C2C=CC(N(C)C(N)ON)C2CN4CC2CC=CC32)cc1,-1.1011744649036752,200,0.6818181818181818,18.626599800460493
C=[PH]1C2=NN(C2)C1C1C=CC2c3cc(NC(=O)c4ccc(C)cc4)cc4c3N(CC3CC=CC43)CC21,-1.1650483020422866,192,0.672566371681416,18.56272596332188
Cc1ccc(C(=O)Nc2cc3c4c(c2)C2C=CC(N5CC6CN6[SH]=C5N)C2CN4CC2CC=CC32)cc1,-1.2575912995459904,80,0.6495726495726496,18.47018296581818
Cc1ccc(C(=O)Nc2cc3c4c(c2)C2C=CC(CC(N)(N)NN)C2CN4CC2CC=CC32)cc1,-1.2634285609421945,330,0.6818181818181818,18.464345704421973
C=NC(=O)N1CN(C2C=CC3c4cc(NC(=O)c5ccc(C)cc5)cc5c4N(CC4CC=CC54)CC32)NN1,-1.276020395462349,155,0.6386554621848739,18.451753869901818
CC1=C(CC2C=CC3c4cc(NC(=O)c5ccc(C)cc5)cc5c4N(CC4CC=CC54)CC23)C(C)CCCO1,-1.6105610692938621,327,0.6229508196721312,18.117213196070306
Cc1ccc(C(=O)Nc2cc3c4c(c2)C2C=CC(N(N)N(N)N)C2CN4CC2CC=CC32)cc1,-1.6307975841995297,85,0.7009345794392523,18.096976681164637
Cc1ccc(C(=O)Nc2cc3c4c(c2)C2C=CC(C5=C6N=CC=CN=C65)C2CN4CC2CC=CC32)cc1,-2.9041778120796358,51,0.6302521008403361,16.823596453284534
C=C1CN(C)CCN(CC2C=CC3c4cc(NC(=O)c5ccc(C)cc5)cc5c4N(CC4CC=CC54)CC23)C1,-3.024242553279773,295,0.6229508196721312,16.703531712084395
Cc1ccc(C(=O)Nc2cc3c4c(c2)C2C=CC(C5=NNC=NN=C5)C2CN4CC2CC=CC32)cc1,-3.931921890092661,222,0.646551724137931,15.795852375271508
CCCC(CCCC1C=CC1)CCC1C=CC2c3cc(NC(=O)c4ccc(C)cc4)cc4c3N(CC3CC=CC43)CC12,-17.91546675664338,464,0.6171875,1.8123075087207887
CCCC(CCC1=CC1)CCC1C=CC2c3cc(NC(=O)c4ccc(C)cc4)cc4c3N(CC3CC=CC43)CC12,-18.20249785450377,505,0.608,1.5252764108603998
Cc1ccc(C(=O)Nc2cc3c4c(c2)C2C(CC5CCCCC5)=CCC2CN4CC2CC=CC32)cc1,-18.45112231455962,88,0.646551724137931,1.276651950804549
Cc1ccc(C(=O)Nc2cc3c4c(c2)C2C(CC5CCCCC5)=CCC2CN4CC2CC=CC32)cc1,-18.45112231455962,41,0.646551724137931,1.276651950804549
C=CCC(CCC)CCC1C=CC2c3cc(NC(=O)c4ccc(C)cc4)cc4c3N(CC3CC=CC43)CC12,-18.46277293496017,445,0.625,1.2650013304039973
Cc1ccc(C(=O)Nc2cc3c4c(c2)C2C=CCC2CN4CC2CC=CC32)c(C=C2CCCCC2)c1,-18.627098150539997,94,0.646551724137931,1.1006761148241715
C=C1CCCC1CCCC1C=CC2c3cc(NC(=O)c4ccc(C)cc4)cc4c3N(CC3CC=CC43)CC12,-18.651714349474034,587,0.6333333333333333,1.0760599158901343
Cc1ccc(C(=O)Nc2cc3c4c(c2)C2C=CCC2C(c2ccccc2)N4CC2CC=CC32)cc1,-18.65845773042283,44,0.6491228070175439,1.0693165349413398
O=C(Nc1cc2c3c(c1)C1C=CCC1CN3CC1CC=CC21)c1ccc(CC=C2CCCCC2)cc1,-18.69123702683461,126,0.6991150442477876,1.036537238529558
Cc1ccc(C(=O)Nc2cc3c4c(c2)C2C=CC(CCCC5CCCCS5)C2CN4CC2CC=CC32)cc1,-18.7027994348229,587,0.628099173553719,1.024974830541268
CCCC(CCC1C=CC2c3cc(NC(=O)c4ccc(C)cc4)cc4c3N(CC3CC=CC43)CC12)C1=CC1,-18.719534748995553,413,0.6386554621848739,1.008239516368615
Cc1ccc(C(=O)Nc2cc3c4c(c2)C2C=C(C5C=C5)C(CC5CCCC(C)C5)C2CN4CC2CC=CC32)cc1,-18.756939620855874,232,0.608,0.9708346445082938
CCCC(CCN=N)CCC1C=CC2c3cc(NC(=O)c4ccc(C)cc4)cc4c3N(CC3CC=CC43)CC12,-18.78081406293456,541,0.6097560975609756,0.946960202429608
CCCC(CCC1C=CC2c3cc(NC(=O)c4ccc(C)cc4)cc4c3N(CC3CC=CC43)CC12)CC(C)=O,-18.834067981085365,594,0.6147540983606558,0.893706284278803
Cc1ccc(C(=O)Nc2cc3c4c(c2)C2(CCCC(C)C)C=CCC2CN4CC2CC=CC32)cc1,-18.844711704377815,102,0.6173913043478261,0.8830625609863532
Cc1ccc(C(=O)Nc2cc3c4c(c2)C2C=CCC2(CC2CCCC2)CN4CC2CC=CC32)cc1,-18.86704659486848,71,0.6347826086956522,0.8607276704956881
C=C(O)C(CCC)CCC1C=CC2c3cc(NC(=O)c4ccc(C)cc4)cc4c3N(CC3CC=CC43)CC12,-18.871828897356806,493,0.6302521008403361,0.8559453680073617
CCCC(CCN=O)CCC1C=CC2c3cc(NC(=O)c4ccc(C)cc4)cc4c3N(CC3CC=CC43)CC12,-18.901778460133368,444,0.6097560975609756,0.8259958052308001
CCCC(CCN=O)CCC1C=CC2c3cc(NC(=O)c4ccc(C)cc4)cc4c3N(CC3CC=CC43)CC12,-18.901778460133368,447,0.6097560975609756,0.8259958052308001
CCCC(CCN=O)CCC1C=CC2c3cc(NC(=O)c4ccc(C)cc4)cc4c3N(CC3CC=CC43)CC12,-18.901778460133368,584,0.6097560975609756,0.8259958052308001
CCCC(CCC=O)CCC1C=CC2c3cc(NC(=O)c4ccc(C)cc4)cc4c3N(CC3CC=CC43)CC12,-18.91436960880307,438,0.6097560975609756,0.8134046565610973
Cc1ccc(C(=O)Nc2cc3c4c(c2)C2C=CC(c5ccccc5)C2CN4CC2CC=CC32)cc1,-18.9418519192116,449,0.6637168141592921,0.7859223461525673
Cc1ccc(C(=O)Nc2cc3c4c(c2)C2C=C(c5ccc6cc5-6)CC2CN4CC2CC=CC32)cc1,-18.950255822540083,29,0.6936936936936937,0.7775184428240856
C=C1CCCC1=CC1=CC2c3cc(NC(=O)c4ccc(C)cc4)cc4c3N(CC3CC=CC43)CC2C1,-18.991338682186804,101,0.6666666666666666,0.7364355831773644
CCCC(CCC1C=CC2c3cc(NC(=O)c4ccc(C)cc4)cc4c3N(CC3CC=CC43)CC12)CC(=N)O,-19.041496448339583,534,0.6147540983606558,0.6862778170245853
CCCC(CCC1C=CC2c3cc(NC(=O)c4ccc(C)cc4)cc4c3N(CC3CC=CC43)CC12)CN=N,-19.044121289455852,485,0.625,0.6836529759083163
CCCC(CCC1C=CC2c3cc(NC(=O)c4ccc(C)cc4)cc4c3N(CC3CC=CC43)CC12)CN=O,-19.127877649623926,543,0.625,0.5998966157402421
CCCC(CCC1C=CC2c3cc(NC(=O)c4ccc(C)cc4)cc4c3N(CC3CC=CC43)CC12)CN=O,-19.127877649623926,586,0.625,0.5998966157402421
CCCC(CCC1C=CC2c3cc(NC(=O)c4ccc(C)cc4)cc4c3N(CC3CC=CC43)CC12)CN=O,-19.127877649623926,408,0.625,0.5998966157402421
Cc1ccc(C(=O)Nc2cc3c4c(c2)C2C=C(C5=CCCC5)CC2CN4CC2CC=CC32)cc1,-19.145035173024645,29,0.7129629629629629,0.5827390923395228
Cc1ccc(C(=O)Nc2cc3c4c(c2)C2C=CCC2C(C2(C)CCCCS2)N4CC2CC=CC32)cc1,-19.16081097835004,131,0.6521739130434783,0.5669632870141292
CCCC(CCC1C=CC2c3cc(NC(=O)c4ccc(C)cc4)cc4c3N(CC3CC=CC43)CC12)CON=N,-19.16129744386006,541,0.6097560975609756,0.5664768215041072
CCCC(CCC1C=CC2c3cc(NC(=O)c4ccc(C)cc4)cc4c3N(CC3CC=CC43)CC12)N=N,-19.17278710203807,487,0.6410256410256411,0.5549871633260999
CCCC(CC=O)CCC1C=CC2c3cc(NC(=O)c4ccc(C)cc4)cc4c3N(CC3CC=CC43)CC12,-19.180401306229207,447,0.625,0.547372959134961
C=C(C)C=Cc1c(NC(=O)c2ccc(C)cc2)cc2c3c1C1C=CCC1CN3CC1CC=CC21,-19.20669784738387,91,0.6788990825688074,0.5210764179802965
Cc1ccc(C(=O)Nc2cc3c4c(c2)C2C=CCC2(CC(C)C)CN4CC2CC=CC32)cc1,-19.237434881087374,104,0.6666666666666666,0.490339384276794
Cc1ccc(C(=O)Nc2cc3c4c(c2)C2C=CC(CCCC5CCCO5)C2CN4CC2CC=CC32)cc1,-19.241390208313668,598,0.6440677966101694,0.4863840570505005
CCCC(CC=S=N)CCC1C=CC2c3cc(NC(=O)c4ccc(C)cc4)cc4c3N(CC3CC=CC43)CC12,-19.25021920923262,535,0.6097560975609756,0.4775550561315498
Cc1ccc(C(=O)Nc2cc3c4c(c2)C2C=CCC2CN4CC2CC=CC32)cc1C1=CCC1,-19.255162101590013,1,0.7403846153846154,0.47261216377415494
CCC(C)OCCC1=CCC2CN3CC4CC=CC4c4cc(NC(=O)c5ccc(C)cc5)cc(c43)C12,-19.259965713970157,103,0.6578947368421053,0.4678085513940111
CCC(C)Nc1cc(C(=O)Nc2cc3c4c(c2)C2C=CCC2CN4CC2CC=CC32)ccc1C,-19.266667226468655,90,0.7102803738317757,0.46110703889551274
CCCC(CCC1C=CC2c3cc(NC(=O)c4ccc(C)cc4)cc4c3N(CC3CC=CC43)CC12)CN=S,-19.276106399199417,488,0.625,0.4516678661647511
CCCC(CCC1C=CC2c3cc(NC(=O)c4ccc(C)cc4)cc4c3N(CC3CC=CC43)CC12)N=O,-19.278646892118378,443,0.6410256410256411,0.44912737324579055
CCCC(CCC1C=CC2c3cc(NC(=O)c4ccc(C)cc4)cc4c3N(CC3CC=CC43)CC12)N=O,-19.278646892118378,421,0.6410256410256411,0.44912737324579055
Cc1ccc(C(=O)Nc2cc3c4c(c2)C2C=CC(CC5CCCCCO5)C2CN4CC2CC=CC32)cc1,-19.28490968226501,588,0.6440677966101694,0.44286458309915844
C=C1CC(c2ccc(C(=O)Nc3cc4c5c(c3)C3C=CCC3CN5CC3CC=CC43)cc2)=CS1,-19.293189494481553,96,0.7452830188679245,0.4345847708826156
CC=CSc1c(NC(=O)c2ccc(C)cc2)cc2c3c1C1C=CCC1CN3CC1CC=CC21,-19.297451902315377,64,0.6915887850467289,0.43032236304879135
C=C(C=C(C)C)N(C)C1=CC2c3cc(NC(=O)c4ccc(C)cc4)cc4c3N(CC3CC=CC43)CC2C1,-19.31618469774429,87,0.6666666666666666,0.4115895676198775
CN=NC(C)=C(C)C1=CCC2CN3CC4CC=CC4c4cc(NC(=O)c5ccc(C)cc5)cc(c43)C12,-19.3595612789425,176,0.6637168141592921,0.36821298642166767
Cc1ccc(C(=O)Nc2cc3c4c(c2)C2C=C(C=C5CCCCO5)CC2CN4CC2CC=CC32)cc1,-19.39132640673295,11,0.6608695652173913,0.3364478586312174
CC1=NCCCC1=CC1=CC2c3cc(NC(=O)c4ccc(C)cc4)cc4c3N(CC3CC=CC43)CC2C1,-19.392683612133972,172,0.6495726495726496,0.33509065323019627
CCCC(CCC1C=CC2c3cc(NC(=O)c4ccc(C)cc4)cc4c3N(CC3CC=CC43)CC12)CN1N=N1,-19.406131896667972,488,0.6097560975609756,0.321642368696196
CC1=C(C)N=C(C2C3CC=CC3c3cc(NC(=O)c4ccc(C)cc4)cc4c3N2CC2CC=CC42)C1,-19.412947094458627,131,0.6578947368421053,0.31482717090554146
Cc1ccc(C(=O)Nc2cc3c4c(c2)C2C=CC(CCC5=CC5)C2CN4CC2CC=CC32)cc1,-19.41304232192124,448,0.7037037037037037,0.3147319434429292
CCCC(C=O)CCC1C=CC2c3cc(NC(=O)c4ccc(C)cc4)cc4c3N(CC3CC=CC43)CC12,-19.422357321810864,493,0.6410256410256411,0.30541694355330407
CCCC(C=O)CCC1C=CC2c3cc(NC(=O)c4ccc(C)cc4)cc4c3N(CC3CC=CC43)CC12,-19.422357321810864,443,0.6410256410256411,0.30541694355330407
O=C(Nc1cc2c3c(c1)C1C=CCC1CN3CC1CC=CC21)c1ccc(CC=C2CSS2)cc1,-19.438498429288405,126,0.7452830188679245,0.28927583607576324
CCCC(CCC1C=CC2c3cc(NC(=O)c4ccc(C)cc4)cc4c3N(CC3CC=CC43)CC12)C1=NCN=N1,-19.442891859162174,487,0.6031746031746031,0.28488240620199434
CCCN(C(C)CSC)C1C2CC=CC2c2cc(NC(=O)c3ccc(C)cc3)cc3c2N1CC1CC=CC31,-19.446811244309423,99,0.6166666666666667,0.28096302105474535
CC1=CCCC(Cc2ccc(C(=O)Nc3cc4c5c(c3)C3C=CCC3CN5CC3CC=CC43)cc2)=N1,-19.45694682235842,66,0.7363636363636363,0.27082744300574646
Cc1ccc(C(=O)Nc2cc3c4c(c2)C2C=CC(CCC56CC5C6)C2CN4CC2CC=CC32)cc1,-19.46604370107659,587,0.6909090909090909,0.26173056428757846
Cc1ccc(C(=O)Nc2cc3c4c(c2)C2C=CCC2CN4CC2CC=CC32)cc1N1CCCC1,-19.47338878095376,32,0.6972477064220184,0.25438548441040965
Cc1ccc(C(=O)Nc2cc3c4c(c2)C2C=CCC2CN4CC2CC=CC32)cc1C1SSC1C,-19.494223529169375,90,0.7037037037037037,0.23355073619479327
CN=C(C)SCc1cc(C(=O)Nc2cc3c4c(c2)C2C=CCC2CN4CC2CC=CC32)ccc1C,-19.507636579201407,90,0.6909090909090909,0.22013768616276153
Cc1ccc(C(=O)Nc2cc3c4c(c2)C2C=CCC2(CC2CCCS2)CN4CC2CC=CC32)cc1,-19.51265411625615,92,0.6347826086956522,0.21512014910801724
Cc1ccc(C(=O)Nc2cc3c4c(c2)C2C=CCC2CN4CC2CC=CC32)cc1N(C)C(C)C,-19.52996480273806,164,0.7169811320754716,0.19780946262610755
Cc1ccc(C(=O)Nc2cc3c4c(c2)C2C=CC(N5CCCC(C)CC5)C2CN4CC2CC=CC32)cc1,-19.536901207998863,588,0.6495726495726496,0.19087305736530524
C=C(N)C(=C)CCCC1C=CC2c3cc(NC(=O)c4ccc(C)cc4)cc4c3N(CC3CC=CC43)CC12,-19.53753701975203,499,0.646551724137931,0.1902372456121384
Cc1ccc(C(=O)Nc2cc3c4c(c2)C2C=CCC2C(N2CCCCC2C)N4CC2CC=CC32)cc1,-19.554408712331874,69,0.6521739130434783,0.17336555303229417
CCCC(CCC1C=CC2c3cc(NC(=O)c4ccc(C)cc4)cc4c3N(CC3CC=CC43)CC12)CNN=O,-19.57787255279997,496,0.6097560975609756,0.1499017125641977
Cc1ccc(C(=O)Nc2cc3c4c(c2)C2C=CCC2CN4CC2CC=CC32)cc1N1CCC(C)C1C,-19.58621280176526,97,0.672566371681416,0.14156146359890798
CC(=N)CCc1ccc(C(=O)Nc2cc3c4c(c2)C2C=CCC2CN4CC2CC=CC32)cc1,-19.593481351777616,93,0.7920792079207921,0.1342929135865525
Cc1ccc(C(=O)Nc2cc3c4c(c2)C2C=CCC2C(N2CCCCC2)N4CC2CC=CC32)cc1,-19.597331783929114,43,0.6637168141592921,0.130442481435054
CCCC(CCC1C=CC2c3cc(NC(=O)c4ccc(C)cc4)cc4c3N(CC3CC=CC43)CC12)CC(N)=O,-19.598850071851707,408,0.6147540983606558,0.12892419351246076
Cc1ccc(C(=O)Nc2cc3c4c(c2)C2C=CC(CCCc5cc6oc5=6)C2CN4CC2CC=CC32)cc1,-19.602651191475225,587,0.6302521008403361,0.12512307388894328
Cc1ccc(C(=O)Nc2cc3c4c(c2)C2C=CCC2CN4CC2CC=CC32)c(C2=CC2)c1,-19.607379990211037,95,0.7450980392156863,0.1203942751531315
Cc1ccc(C(=O)Nc2cc3c4c(c2)C2C=CCC2CN4CC2CC=CC32)c(C2=CC2)c1,-19.607379990211037,5,0.7450980392156863,0.1203942751531315
Cc1ccc(C(=O)Nc2cc3c4c(c2)C2C=CC(CCN5CCCC5C)C2CN4CC2CC=CC32)cc1,-19.609298776070542,547,0.6495726495726496,0.11847548929362617
Cc1ccc(C(=O)Nc2cc3c4c(c2)C2C=C(CC5CCCO5)CC2CN4CC2CC=CC32)cc1,-19.612327819833357,120,0.6785714285714286,0.11544644553081085
CCCC(CCC1C=CC2c3cc(NC(=O)c4ccc(C)cc4)cc4c3N(CC3CC=CC43)CC12)NN=N,-19.616873611313878,542,0.625,0.11090065405029037
CCN=C(C)CC12CC=CC1c1cc(NC(=O)c3ccc(C)cc3)cc3c1N(CC1CC=CC31)C2,-19.621076191925965,92,0.631578947368421,0.10669807343820281
C=CCC1C=CC2c3cc(NC(=O)c4ccc(C)cc4)cc4c3N(CC3CC=CC43)CC12,-19.630680418324616,491,0.7281553398058253,0.09709384703955237
C=C1OC(C2=CC3c4cc(NC(=O)c5ccc(C)cc5)cc5c4N(CC4CC=CC54)CC3C2)=CS1,-19.63708584203193,101,0.7,0.0906884233322387
O=C(Nc1cc2c3c(c1)C1C=CCC1CN3CC1CC=CC21)c1ccc(C=C2C=C3N=C3CC2)cc1,-19.64960191013728,96,0.6991150442477876,0.07817235522688648
CC(C)=NCCC1C=CC2c3cc(NC(=O)c4ccc(C)cc4)cc4c3N(CC3CC=CC43)CC12,-19.65711482082699,589,0.6756756756756757,0.07065944453717776
O=C(Nc1cc2c3c(c1)C1C=CCC1CN3CC1CC=CC21)c1ccc(C2=CC2)cc1,-19.65760110243356,65,0.8144329896907216,0.07017316293060816
O=C(Nc1cc2c3c(c1)C1C=CCC1CN3CC1CC=CC21)c1ccc(C2=CC2)cc1,-19.65760110243356,65,0.8144329896907216,0.07017316293060816
O=C(Nc1cc2c3c(c1)C1C=CCC1CN3CC1CC=CC21)c1ccc(C=C2CCCO2)cc1,-19.65935288756343,125,0.7383177570093458,0.06842137780073898
CCCC(CCC1C=CC2c3cc(NC(=O)c4ccc(C)cc4)cc4c3N(CC3CC=CC43)CC12)CC1=[SH]N1,-19.666211601767937,445,0.6097560975609756,0.06156266359623075
CCCC(CCC1C=CC2c3cc(NC(=O)c4ccc(C)cc4)cc4c3N(CC3CC=CC43)CC12)CC1=[SH]N1,-19.666211601767937,422,0.6097560975609756,0.06156266359623075
C=Cc1cc(C)ccc1C(=O)Nc1cc2c3c(c1)C1C=CCC1CN3CC1CC=CC21,-19.672076329785806,33,0.75,0.05569793557836178
Cc1ccc(C(=O)Nc2cc3c4c(c2)C2C=CC(C5CCCS5)C2CN4CC2CC=CC32)cc1,-19.681124172123987,449,0.6972477064220184,0.046650093240181434
C=C1C(C)CCN1c1ccc(C(=O)Nc2cc3c4c(c2)C2C=CCC2CN4CC2CC=CC32)cc1,-19.6844705365349,96,0.7476635514018691,0.043303728829268806
C=CC1=CC2c3cc(NC(=O)c4ccc(C)cc4)cc4c3N(CC3CC=CC43)CC2C1,-19.6971525942144,8,0.7676767676767676,0.030621671149766883
C=CC1=CCC2CN3CC4CC=CC4c4cc(NC(=O)c5ccc(C)cc5)cc(c43)C12,-19.701189225067985,41,0.75,0.026585040296183138
CC(=O)CCc1ccc(C(=O)Nc2cc3c4c(c2)C2C=CCC2CN4CC2CC=CC32)cc1,-19.70396217999013,162,0.7920792079207921,0.023812085374039782
CCCC(CCC1C=CC2c3cc(NC(=O)c4ccc(C)cc4)cc4c3N(CC3CC=CC43)CC12)NN=O,-19.708120315303038,543,0.625,0.019653950061130132
CC1CCC(c2ccc(C(=O)Nc3cc4c5c(c3)C3C=CCC3CN5CC3CC=CC43)cc2)O1,-19.709235279502316,125,0.7619047619047619,0.018538985861852098
Cc1ccc(C(=O)Nc2cc3c4c(c2)C2C=CCC2C(P2CCCCO2)N4CC2CC=CC32)cc1,-19.715286816332227,59,0.6637168141592921,0.012487449031940656
C=C1CSCCN1c1cc(C(=O)Nc2cc3c4c(c2)C2C=CCC2CN4CC2CC=CC32)ccc1C,-19.717696795207473,169,0.6666666666666666,0.010077470156694801
C=C1NC=CC1CCCC1C=CC2c3cc(NC(=O)c4ccc(C)cc4)cc4c3N(CC3CC=CC43)CC12,-19.722835740450975,547,0.6198347107438017,0.004938524913193021
Cc1ccc(C(=O)Nc2cc3c4c(c2)C2C=C(N=C5CCCS5)CC2CN4CC2CC=CC32)cc1,-19.727577019196136,172,0.6785714285714286,0.00019724616803173944
C=NC(C)=Cc1cc(C(=O)Nc2cc3c4c(c2)C2C=CCC2CN4CC2CC=CC32)ccc1C,-19.72777627329937,169,0.7102803738317757,-2.0079352012203344e-06
Cc1ccc(C(=O)Nc2cc3c4c(c2)C2C=C(Oc5cnc6cc5-6)CC2CN4CC2CC=CC32)cc1,-19.733007278813474,101,0.6754385964912281,-0.005233013449306156
Cc1ccc(C(=O)Nc2cc3c4c(c2)C2C=CCC2CN4CC2CC=CC32)c(SN=N)c1,-19.738638707246523,128,0.7281553398058253,-0.01086444188235447
CC(=O)CCC1C=CC2c3cc(NC(=O)c4ccc(C)cc4)cc4c3N(CC3CC=CC43)CC12,-19.7435636751509,409,0.6944444444444444,-0.0157894097867306
Cc1ccc(C(=O)Nc2cc3c4c(c2)C2C=CCC2CN4CC2CC=CC32)cc1N=C1CCCC=N1,-19.74923161463312,97,0.6754385964912281,-0.021457349268953152
C=NC=C(C1=CC1)c1c(NC(=O)c2ccc(C)cc2)cc2c3c1C1C=CCC1CN3CC1CC=CC21,-19.750946880008364,37,0.6578947368421053,-0.023172614644195733
C=C(N)CCCC1C=CC2c3cc(NC(=O)c4ccc(C)cc4)cc4c3N(CC3CC=CC43)CC12,-19.752686890768135,587,0.6756756756756757,-0.024912625403967326
Cc1ccc(C(=O)N(c2cc3c4c(c2)C2C=CCC2CN4CC2CC=CC32)N2CCCCC2C)cc1,-19.75535154243295,174,0.6521739130434783,-0.02757727706878299
Cc1ccc(C(=O)Nc2cc3c4c(c2)C2C=CCC2C(C2=CC2)N4CC2CC=CC32)cc1,-19.759499841296783,43,0.7281553398058253,-0.03172557593261516
Cc1ccc(C(=O)Nc2cc3c4c(c2)C2C=C(N5CCCC5)CC2CN4CC2CC=CC32)cc1,-19.762858637082754,8,0.6972477064220184,-0.03508437171858603
Cc1ccc(C(=O)N(c2cc3c4c(c2)C2C=CCC2CN4CC2CC=CC32)C2CCOCC2)cc1,-19.769870262262618,39,0.6637168141592921,-0.04209599689844978
Cc1ccc(C(=O)Nc2cc3c4c(c2)C2C(OC5CCCS5)=CCC2CN4CC2CC=CC32)cc1,-19.770552115096343,103,0.6637168141592921,-0.042777849732175355
O=C(Nc1cc2c3c(c1)C1C=CCC1CN3CC1CC=CC21)c1ccc(CNC2=CCC2)cc1,-19.78130086362196,38,0.7452830188679245,-0.05352659825779327
CC(=O)c1cc(C(=O)Nc2cc3c4c(c2)C2C=CCC2CN4CC2CC=CC32)ccc1C,-19.783168114241334,22,0.7524752475247525,-0.05539384887716636
CC(=O)c1cc(C(=O)Nc2cc3c4c(c2)C2C=CCC2CN4CC2CC=CC32)ccc1C,-19.783168114241334,28,0.7524752475247525,-0.05539384887716636
Cc1ccc(C(=O)Nc2cc3c4c(c2)C2C=CCC2(N2CCCCC2)CN4CC2CC=CC32)cc1,-19.80088854120522,40,0.6206896551724138,-0.07311427584105346
C=C(C1=CC1)N(C)C1=CCC2CN3CC4CC=CC4c4cc(NC(=O)c5ccc(C)cc5)cc(c43)C12,-19.803049131875092,176,0.6785714285714286,-0.07527486651092374
CCC(C)C1CN(N(C(=O)c2ccc(C)cc2)c2cc3c4c(c2)C2C=CCC2CN4CC2CC=CC32)C1,-19.80368838004428,100,0.646551724137931,-0.07591411468011344
C=C(O)c1c(NC(=O)c2ccc(C)cc2)cc2c3c1C1C=CCC1CN3CC1CC=CC21,-19.806559317181907,37,0.7184466019417476,-0.07878505181773932
Cc1ccc(C(=O)Nc2cc3c4c(c2)C2(N5CCCCC5)C=CCC2CN4CC2CC=CC32)cc1,-19.808247633375466,45,0.6068376068376068,-0.08047336801129745
Cc1ccc(C(=O)Nc2cc3c4c(c2)C2(N5CCCCC5)C=CCC2CN4CC2CC=CC32)cc1,-19.808247633375466,73,0.6068376068376068,-0.08047336801129745
CC(=O)c1cc(C)ccc1C(=O)Nc1cc2c3c(c1)C1C=CCC1CN3CC1CC=CC21,-19.80833295777613,62,0.7352941176470589,-0.08055869241196234
CN=Nc1cc(C)ccc1C(=O)Nc1cc2c3c(c1)C1C=CCC1CN3CC1CC=CC21,-19.808462551041078,128,0.7281553398058253,-0.08068828567691
C=C=Cc1cc(C(=O)Nc2cc3c4c(c2)C2C=CCC2CN4CC2CC=CC32)ccc1C,-19.80868542636862,169,0.7450980392156863,-0.08091116100445106
Cc1ccc(C(=O)Nc2cc3c4c(c2)C2C=CCC2CN4CC2CC=CC32)c(N=N)c1,-19.80892417336447,19,0.75,-0.08114990800030242
Cc1ccc(C(=O)Nc2cc3c4c(c2)C2C=CCC2CN4CC2CC=CC32)c(N=N)c1,-19.80892417336447,30,0.75,-0.08114990800030242
Cc1ccc(C(=O)Nc2cc3c4c(c2)C2C=CCC2CN4CC2CC=CC32)cc1C1=NCCC1,-19.813222972756286,32,0.6972477064220184,-0.08544870739211774
Cc1ccc(C(=O)Nc2cc3c4c(c2N=N)C2C=CCC2CN4CC2CC=CC32)cc1,-19.8168516217029,63,0.7326732673267327,-0.0890773563387306
Cc1ccc(C(=O)Nc2cc3c4c(c2)C2C=C(C=C5C=CC=N5)CC2CN4CC2CC=CC32)cc1,-19.81777285487274,101,0.6936936936936937,-0.08999858950857131
Cc1ccc(C(=O)Nc2cc3c4c(c2)C2C=CCC2CN4CC2CC=CC32)cc1N1CCCC1=N,-19.821048226842773,164,0.6846846846846847,-0.09327396147860512
O=C(Nc1cc2c3c(c1)C1C=CCC1CN3CC1CC=CC21)c1ccc(CC2=C3C=C32)cc1,-19.832085672846667,126,0.7669902912621359,-0.10431140748249845
CN=Nc1c(NC(=O)c2ccc(C)cc2)cc2c3c1C1C=CCC1CN3CC1CC=CC21,-19.83531983743184,123,0.7115384615384616,-0.10754557206767146
CC(=N)CC12CC=CC1c1cc(NC(=O)c3ccc(C)cc3)cc3c1N(CC1CC=CC31)C2,-19.841477327695056,104,0.6666666666666666,-0.11370306233088812
CC(=O)CC1=CCC2CN3CC4CC=CC4c4cc(NC(=O)c5ccc(C)cc5)cc(c43)C12,-19.842960580247155,160,0.7142857142857143,-0.1151863148829868
O=C(Nc1cc2c3c(c1)C1C=CCC1CN3CC1CC=CC21)c1ccc(C2=C3C=C32)cc1,-19.845013273069238,96,0.79,-0.11723900770507001
CC1=NC(C2C=CC3c4cc(NC(=O)c5ccc(C)cc5)cc5c4N(CC4CC=CC54)CC23)=CC1,-19.845331454460446,536,0.6846846846846847,-0.11755718909627788
CC(=O)c1ccc(C(=O)Nc2cc3c4c(c2)C2C=CCC2CN4CC2CC=CC32)cc1,-19.846108005847434,65,0.8421052631578947,-0.11833374048326561
Cc1ccc(C(=O)Nc2cc3c4c(c2)C2C=CCC2CN4CC2CC=CC32)cc1C=C1C=CN=C1,-19.85166395042139,1,0.6936936936936937,-0.12388968505722175
Cc1ccc(C(=O)Nc2cc3c4c(c2)C2C=CCC2CN4CC2CC=CC32)c(C2=CC=NCC2)c1,-19.853519094513043,33,0.6785714285714286,-0.12574482914887497
CCCC(CCC1C=CC2c3cc(NC(=O)c4ccc(C)cc4)cc4c3N(CC3CC=CC43)CC12)C[SH]1(=N)CO1,-19.85414117617514,535,0.6129032258064516,-0.1263669108109724
Cc1ccc(C(=O)Nc2cc3c4c(c2-c2cccnn2)C2C=CCC2CN4CC2CC=CC32)cc1,-19.856192786197923,17,0.6637168141592921,-0.1284185208337547
C=C(O)C1=CCC2CN3CC4CC=CC4c4cc(NC(=O)c5ccc(C)cc5)cc(c43)C12,-19.857334325168534,74,0.7352941176470589,-0.12956005980436558
C=C(O)c1ccc(C(=O)Nc2cc3c4c(c2)C2C=CCC2CN4CC2CC=CC32)cc1,-19.860150381040054,12,0.8229166666666666,-0.1323761156758856
CC(=O)c1c(NC(=O)c2ccc(C)cc2)cc2c3c1C1C=CCC1CN3CC1CC=CC21,-19.86457061413939,34,0.7184466019417476,-0.13679634877522062
Cc1ccc(C(=O)Nc2cc3c4c(c2)C2C=CCC2CN4CC2CC=CC32)cc1N=O,-19.865819496124132,22,0.7676767676767676,-0.138045230759964
CN=Nc1ccc(C(=O)Nc2cc3c4c(c2)C2C=CCC2CN4CC2CC=CC32)cc1,-19.86663385783065,167,0.8333333333333334,-0.13885959246648127
Cc1ccc(C(=O)Nc2cc3c4c(c2)C2C=CCC2CN4CC2CC=CC32)cc1-c1ncc[nH]1,-19.867335960176415,58,0.7129629629629629,-0.13956169481224734
Cc1ccc(C(=O)Nc2cc3c4c(c2)C2C(c5ncccn5)=CCC2CN4CC2CC=CC32)cc1,-19.871438323070606,57,0.6785714285714286,-0.1436640577064381
Cc1ccc(C(=O)Nc2cc3c4c(c2)C2C=CC(CCC=C5OC=CCC5=O)C2CN4CC2CC=CC32)cc1,-19.871747211924504,598,0.6311475409836066,-0.14397294656033566
CC(=O)Nc1cc(C(=O)Nc2cc3c4c(c2)C2C=CCC2CN4CC2CC=CC32)ccc1C,-19.873755099086406,130,0.7307692307692307,-0.1459808337222377
CC(=O)Nc1cc(C(=O)Nc2cc3c4c(c2)C2C=CCC2CN4CC2CC=CC32)ccc1C,-19.873755099086406,122,0.7307692307692307,-0.1459808337222377
N=Nc1ccc(C(=O)Nc2cc3c4c(c2)C2C=CCC2CN4CC2CC=CC32)cc1,-19.887618223745335,35,0.8404255319148937,-0.15984395838116683
C=C1CCCN=C(c2ccc(C(=O)Nc3cc4c5c(c3)C3C=CCC3CN5CC3CC=CC43)cc2)O1,-19.887855402050075,35,0.7053571428571429,-0.16008113668590696
C=C(C)OC12C=CCC1CN1CC3CC=CC3c3cc(NC(=O)c4ccc(C)cc4)cc2c31,-19.90492279882923,173,0.6513761467889908,-0.17714853346506132
C=C1C=CN=C1C1=CC2c3cc(NC(=O)c4ccc(C)cc4)cc4c3N(CC3CC=CC43)CC2C1,-19.906095743535666,56,0.7,-0.17832147817149746
Cc1ccc(C(=O)Nc2cc3c4c(c2)C2C=CCC2CN4CC2CC=CC32)c(N=O)c1,-19.909572735440175,61,0.75,-0.18179847007600713
Cc1ccc(C(=O)Nc2cc3c4c(c2)C2C=CCC2CN4CC2CC=CC32)c(N=O)c1,-19.909572735440175,62,0.75,-0.18179847007600713
Cc1ccc(C(=O)Nc2cc3c4c(c2)C2C=CCC2CN4CC2CC=CC32)c(N=O)c1,-19.909572735440175,19,0.75,-0.18179847007600713
O=C(Nc1cc2c3c(c1)C1C=CCC1CN3CC1CC=CC21)c1ccccc1,-19.910991358236668,47,0.7872340425531915,-0.18321709287249988
Cc1ccc(C(=O)Nc2cc3c4c(c2)C2C=CCC2(c2ncc5cc2-5)CN4CC2CC=CC32)cc1,-19.913037675140266,24,0.6206896551724138,-0.18526340977609834
C=CC12CC=CC1c1cc(NC(=O)c3ccc(C)cc3)cc3c1N(CC1CC=CC31)C2,-19.916826894306272,40,0.6990291262135923,-0.18905262894210395
Cc1ccc(C(=O)Nc2cc3c4c(c2)C2C=CCC2(C2CC(C)(C)O2)CN4CC2CC=CC32)cc1,-19.91774508881973,171,0.6517857142857143,-0.18997082345556038
Cc1ccc(C(=O)Nc2cc3c4c(c2)C2C=CCC2CN4CC2CC=CC32)c(N2CCSC2)c1,-19.918292323545348,19,0.6818181818181818,-0.19051805818117984
CC(O)=Nc1ccc(C(=O)Nc2cc3c4c(c2)C2C=CCC2CN4CC2CC=CC32)cc1,-19.920169694169235,125,0.8163265306122449,-0.19239542880506733
Cc1ccc(C(=O)Nc2cc3c4c(c2N=O)C2C=CCC2CN4CC2CC=CC32)cc1,-19.921564500714858,23,0.7326732673267327,-0.19379023535068995
Cc1ccc(C(=O)Nc2cc3c4c(c2N=O)C2C=CCC2CN4CC2CC=CC32)cc1,-19.921564500714858,34,0.7326732673267327,-0.19379023535068995
CC(=O)Nc1cc(C)ccc1C(=O)Nc1cc2c3c(c1)C1C=CCC1CN3CC1CC=CC21,-19.928468627095338,121,0.7142857142857143,-0.20069436173116983
Cc1ccc(C(=O)Nc2cc3c4c(c2)C2C(N5C=CC=CC5)=CCC2CN4CC2CC=CC32)cc1,-19.93056107843638,46,0.6936936936936937,-0.2027868130722119
CC(=NCCC1C=CC2c3cc(NC(=O)c4ccc(C)cc4)cc4c3N(CC3CC=CC43)CC12)C1CS1,-19.936632697003866,538,0.6551724137931034,-0.20885843163969753
Cc1ccc(C(=O)Nc2cc3c4c(c2-c2ccn[nH]2)C2C=CCC2CN4CC2CC=CC32)cc1,-19.940048472819644,37,0.6818181818181818,-0.21227420745547576
C=C(NC1=CCC2CN3CC4CC=CC4c4cc(NC(=O)c5ccc(C)cc5)cc(c43)C12)C(C)=NCC,-19.94153827030224,119,0.646551724137931,-0.21376400493807068
Cc1ccc(C(=O)Nc2cc3c4c(c2)C2C=CCC2C(C2=CSC(=O)C2)N4CC2CC=CC32)cc1,-19.956200143473904,166,0.6696428571428571,-0.2284258781097357
Cc1ccc(C(=O)Nc2cc3c4c(c2)C2(C5=CC5)C=CCC2CN4CC2CC=CC32)cc1,-19.959533456142378,105,0.6635514018691588,-0.2317591907782095
Cc1ccc(C(=O)Nc2cc3c4c(c2)C2(c5ncc6cc5-6)C=CCC2CN4CC2CC=CC32)cc1,-19.969430872669747,73,0.6068376068376068,-0.24165660730557903
Cc1ccc(C(=O)Nc2cc3c4c(c2)C2C=CC(C=C5CCC5=N)C2CN4CC2CC=CC32)cc1,-19.97001597082158,498,0.6846846846846847,-0.2422417054574133
Cc1ccc(C(=O)Nc2cc3c4c(c2)C2C=C(N=C5SCC6=C5C6)CC2CN4CC2CC=CC32)cc1,-19.97573608860431,161,0.6608695652173913,-0.24796182324014282
Cc1ccc(C(=O)Nc2cc3c4c(c2)C2C=CCC2CN4CC2CC=CC32)cc1N1C=C1,-19.983667036099728,1,0.7623762376237624,-0.25589277073556005
Cc1ccc(C(=O)N(c2cc3c4c(c2)C2C=CCC2CN4CC2CC=CC32)C2CCCCC(=O)O2)cc1,-19.984185738127106,134,0.635593220338983,-0.2564114727629381
Cc1ccc(C(=O)Nc2cc3c4c(c2)C2C=CC(CCC(=N)O)C2CN4CC2CC=CC32)cc1,-19.986265836167817,409,0.6944444444444444,-0.25849157080364904
CC(=O)Cc1ccc(C(=O)Nc2cc3c4c(c2)C2C=CCC2CN4CC2CC=CC32)cc1,-19.989085359097643,10,0.8163265306122449,-0.2613110937334753
Cc1ccc(C(=O)Nc2cc3c4c(c2)C2C=CC(CCN=N)C2CN4CC2CC=CC32)cc1,-19.99075688067104,600,0.7075471698113207,-0.2629826153068713
Cc1ccc(C(=O)Nc2cc3c4c(c2)C2C=CCC2C(C=C2CCO2)N4CC2CC=CC32)cc1,-20.009147761863346,89,0.6880733944954128,-0.2813734964991781
Cc1ccc(C(=O)Nc2cc3c4c(c2)C2C=CC(CCC5=CC(=N)O5)C2CN4CC2CC=CC32)cc1,-20.010570469767345,598,0.6578947368421053,-0.28279620440317643
CCC=NCNc1c(NC(=O)c2ccc(C)cc2)cc2c3c1C1C=CCC1CN3CC1CC=CC21,-20.01237646159648,17,0.6548672566371682,-0.28460219623231353
C=[SH]C(=C)CC12CC=CC1c1cc(NC(=O)c3ccc(C)cc3)cc3c1N(CC1CC=CC31)C2,-20.01410028909141,104,0.6486486486486487,-0.28632602372724136
Cc1ccc(C(=O)Nc2cc3c4c(c2C2N=N2)C2C=CCC2CN4CC2CC=CC32)cc1,-20.014699143465876,123,0.7115384615384616,-0.28692487810170775
CC(=O)Cc1c(NC(=O)c2ccc(C)cc2)cc2c3c1C1C=CCC1CN3CC1CC=CC21,-20.022758611702443,165,0.6981132075471698,-0.29498434633827486
CCSC(C)NN(C(=O)c1ccc(C)cc1)c1cc2c3c(c1)C1C=CCC1CN3CC1CC=CC21,-20.023076219197065,174,0.6909090909090909,-0.29530195383289737
Cc1ccc(C(=O)Nc2cc3c4c(c2C2=C5CCN52)C2C=CCC2CN4CC2CC=CC32)cc1,-20.02410934036642,91,0.6727272727272727,-0.29633507500225065
C=C1COC=C1C1C2CC=CC2c2cc(NC(=O)c3ccc(C)cc3)cc3c2N1CC1CC=CC31,-20.025295020652205,89,0.6696428571428571,-0.297520755288037
C=CC(=C)NC1=CCC2CN3CC4CC=CC4c4cc(NC(=O)c5ccc(C)cc5)cc(c43)C12,-20.026702497194126,136,0.6944444444444444,-0.298928231829958
C=C(O)N(C(=O)c1ccc(C)cc1)c1cc2c3c(c1)C1C=CCC1CN3CC1CC=CC21,-20.028825179304693,67,0.7352941176470589,-0.3010509139405251
C=CC12C=CCC1CN1CC3CC=CC3c3cc(NC(=O)c4ccc(C)cc4)cc2c31,-20.031502364005448,42,0.6826923076923077,-0.3037280986412796
Cc1ccc(C(=O)Nc2cc3c4c(c2C=S)C2C=CCC2CN4CC2CC=CC32)cc1,-20.03219127895732,64,0.7326732673267327,-0.3044170135931523
Cc1ccc(C(=O)N(C2=CN=N2)c2cc3c4c(c2)C2C=CCC2CN4CC2CC=CC32)cc1,-20.03345048579494,18,0.7075471698113207,-0.30567622043077236
Cc1ccc(C(=O)Nc2cc3c4c(c2)C2C(c5ncc[nH]5)=CCC2CN4CC2CC=CC32)cc1,-20.03435818815904,57,0.6972477064220184,-0.30658392279487146
CNc1c(NC(=O)c2ccc(C)cc2)cc2c3c1C1C=CCC1CN3CC1CC=CC21,-20.040123134682798,37,0.7326732673267327,-0.3123488693186296
Cc1ccc(C(=O)Nc2cc3c4c(c2)C2C=C(N=N)CC2CN4CC2CC=CC32)cc1,-20.043869391479685,56,0.7676767676767676,-0.31609512611551693
Cc1ccc(C(=O)Nc2cc3c4c(c2)C2C=CCC2CN4CC2CC=CC32)c(CN=O)c1,-20.050976333676434,168,0.7281553398058253,-0.3232020683122663
Cc1ccc(C(=O)N(C2=NCCS2)c2cc3c4c(c2)C2C=CCC2CN4CC2CC=CC32)cc1,-20.051936352687534,18,0.6818181818181818,-0.3241620873233657
Cc1ccc(C(=O)N(C=C2CCO2)c2cc3c4c(c2)C2C=CCC2CN4CC2CC=CC32)cc1,-20.058992661258866,134,0.6880733944954128,-0.33121839589469815
Cc1ccc(C(=O)Nc2cc3c4c(c2)C2C(N=N)=CCC2CN4CC2CC=CC32)cc1,-20.060517955859805,57,0.75,-0.33274369049563646
CC(=O)Nc1c(NC(=O)c2ccc(C)cc2)cc2c3c1C1C=CCC1CN3CC1CC=CC21,-20.067273822585182,165,0.6981132075471698,-0.3394995572210142
O=NCc1ccc(C(=O)Nc2cc3c4c(c2)C2C=CCC2CN4CC2CC=CC32)cc1,-20.07697733494338,66,0.8144329896907216,-0.349203069579211
CC1=NCC(N(C(=O)c2ccc(C)cc2)c2cc3c4c(c2)C2C=CCC2CN4CC2CC=CC32)=C1,-20.08109923190556,100,0.6696428571428571,-0.35332496654139334
Cc1ccc(C(=O)Nc2cc3c4c(c2CN=O)C2C=CCC2CN4CC2CC=CC32)cc1,-20.082933217875496,175,0.7115384615384616,-0.3551589525113279
Cc1ccc(C(=O)Nc2cc3c4c(c2N=NO)C2C=CCC2CN4CC2CC=CC32)cc1,-20.083543293693452,123,0.7115384615384616,-0.35576902832928425
Cc1ccc(C(=O)Nc2cc3c4c(c2)C2C=CC(CCN=O)C2CN4CC2CC=CC32)cc1,-20.085363070562252,546,0.7075471698113207,-0.357588805198084
C=C1CCSN1C12C=CCC1CN1CC3CC=CC3c3cc(NC(=O)c4ccc(C)cc4)cc2c31,-20.08894143129988,105,0.6120689655172413,-0.3611671659357114
Cc1ccc(C(=O)Nc2cc3c4c(c2)C2C=CCC2CN4CC2CC=CC32)c(NN=N)c1,-20.089142519613443,163,0.7281553398058253,-0.36136825424927466
Cc1ccc(C(=O)Nc2cc3c4c(c2)C2C=CCC2CN4CC2CC=CC32)c(NN=N)c1,-20.089142519613443,128,0.7281553398058253,-0.36136825424927466
Cc1ccc(C(=O)Nc2cc3c4c(c2)C2(SN=O)C=CCC2CN4CC2CC=CC32)cc1,-20.0893766910465,138,0.6635514018691588,-0.3616024256823316
C=C1SN(c2cc(C)ccc2C(=O)Nc2cc3c4c(c2)C2C=CCC2CN4CC2CC=CC32)CC1=N,-20.08970686687615,95,0.6578947368421053,-0.36193260151198103
Cc1ccc(C(=O)N(c2cc3c4c(c2)C2C=CCC2CN4CC2CC=CC32)C2(C)SCC3CC32)cc1,-20.09448430450328,100,0.6521739130434783,-0.36671003913911093
Cc1ccc(C(=O)Nc2cc3c4c(c2)C2C=CCC2CN4CC2CC=CC32)cc1N=C1CCN=N1,-20.09776812546856,32,0.6785714285714286,-0.3699938601043904
Cc1ccc(C(=O)Nc2cc3c4c(c2)C2C(N5CCCCO5)=CCC2CN4CC2CC=CC32)cc1,-20.108489137221248,46,0.6637168141592921,-0.3807148718570801
Cc1ccc(C(=O)Nc2cc3c4c(c2)C2C=CCC2CN4CC2CC=CC32)c(N=S)c1,-20.113673677792246,30,0.75,-0.3858994124280777
C=C1CCN=C(CCC2C=CC3c4cc(NC(=O)c5ccc(C)cc5)cc5c4N(CC4CC=CC54)CC23)N1,-20.114686415662316,497,0.6333333333333333,-0.38691215029814785
Cc1ccc(C(=O)Nc2cc3c4c(c2)C2C(C5CCO5)=CCC2CN4CC2CC=CC32)cc1,-20.11666048246878,41,0.7075471698113207,-0.3888862171046128
Cc1ccc(C(=O)Nc2cc3c4c(c2)C2C=C(C5(ON=O)CC5)CC2CN4CC2CC=CC32)cc1,-20.125254231644263,129,0.6909090909090909,-0.39747996628009474
Cc1ccc(C(=O)Nc2cc3c4c(c2)C2C=C(CN=O)CC2CN4CC2CC=CC32)cc1,-20.12738236393613,129,0.7450980392156863,-0.3996080985719601
CCC(C)N(OC)C1C=CC2c3cc(NC(=O)c4ccc(C)cc4)cc4c3N(CC3CC=CC43)CC21,-20.127801699972935,588,0.6637168141592921,-0.40002743460876644
Cc1ccc(C(=O)Nc2cc3c4c(c2N2CC=C5C=C52)C2C=CCC2CN4CC2CC=CC32)cc1,-20.13160369219322,98,0.6637168141592921,-0.4038294268290521
O=C(Nc1cc2c3c(c1)C1C=CCC1CN3CC1CC=CC21)c1ccc(Cn2ccsc2=O)cc1,-20.132347114270853,162,0.7247706422018348,-0.4045728489066853
C=C1N=C(C2=CCC3CN4CC5CC=CC5c5cc(NC(=O)c6ccc(C)cc6)cc(c54)C23)C2CC12,-20.13429916208008,136,0.6521739130434783,-0.4065248967159114
C=C1CC(C2=CC3c4cc(NC(=O)c5ccc(C)cc5)cc5c4N(CC4CC=CC54)CC3C2)=NO1,-20.135250594763914,101,0.6846846846846847,-0.40747632939974565
C=PC12C=CCC1CN1CC3CC=CC3c3cc(NC(=O)c4ccc(C)cc4)cc2c31,-20.135651323711144,42,0.6826923076923077,-0.4078770583469762
C=C(C=N)Nc1c(NC(=O)c2ccc(C)cc2)cc2c3c1C1C=CCC1CN3CC1CC=CC21,-20.135881657230986,98,0.6788990825688074,-0.40810739186681744
Cc1ccc(C(=O)N(CN2CCC2C)c2cc3c4c(c2)C2C=CCC2CN4CC2CC=CC32)cc1,-20.136133574075874,100,0.6696428571428571,-0.4083593087117059
COPC1C2CC=CC2c2cc(NC(=O)c3ccc(C)cc3)cc3c2N1CC1CC=CC31,-20.137189276272125,127,0.7115384615384616,-0.4094150109079564
COC(C)OC1=CC2c3cc(NC(=O)c4ccc(C)cc4)cc4c3N(CC3CC=CC43)CC2C1,-20.140565061289166,120,0.7102803738317757,-0.4127907959249981
Cc1ccc(C(=O)Nc2cc3c4c(c2)C2C=C(N=O)CC2CN4CC2CC=CC32)cc1,-20.14682328137255,11,0.7676767676767676,-0.4190490160083833
Cc1ccc(C(=O)Nc2cc3c4c(c2)C2C=C(N=O)CC2CN4CC2CC=CC32)cc1,-20.14682328137255,31,0.7676767676767676,-0.4190490160083833
C=C1C=CN(c2c(NC(=O)c3ccc(C)cc3)cc3c4c2C2C=CCC2CN4CC2CC=CC32)C=N1,-20.148381723741227,63,0.6521739130434783,-0.4206074583770594
Cc1ccc(C(=O)Nc2cc3c4c(c2)C2C=CCC2CN4CC2CC=CC32)c(NC2CCCNC2)c1,-20.151615727232276,5,0.646551724137931,-0.42384146186810767
Cc1ccc(C(=O)Nc2cc3c4c(c2)C2C=CCC2(C=S)CN4CC2CC=CC32)cc1,-20.15464525381637,40,0.6990291262135923,-0.42687098845220106
Cc1ccc(C(=O)Nc2cc3c4c(c2)C2C=C(C5=NCC=C5)CC2CN4CC2CC=CC32)cc1,-20.15761004791043,68,0.7289719626168224,-0.4298357825462631
Cc1ccc(C(=O)Nc2cc3c4c(c2)C2(C5CCCC=CN5)C=CCC2CN4CC2CC=CC32)cc1,-20.160241492266486,42,0.6050420168067226,-0.4324672269023182
Cc1ccc(C(=O)Nc2cc3c4c(c2)C2C=CCC2CN4CC2CC=CC32)cc1N=CO,-20.16583899440811,22,0.7450980392156863,-0.43806472904394056
Cc1ccc(C(=O)Nc2cc3c4c(c2)C2C=C(C5=NC=CCC6=CN65)CC2CN4CC2CC=CC32)cc1,-20.16588733459111,101,0.6724137931034483,-0.43811306922694015
N=NNc1ccc(C(=O)Nc2cc3c4c(c2)C2C=CCC2CN4CC2CC=CC32)cc1,-20.165889941462446,167,0.8144329896907216,-0.4381156760982776
Cc1ccc(C(=O)Nc2cc3c4c(c2NN=N)C2C=CCC2CN4CC2CC=CC32)cc1,-20.166300952722093,133,0.7115384615384616,-0.43852668735792477
Cc1ccc(C(=O)N(CN=N)c2cc3c4c(c2)C2C=CCC2CN4CC2CC=CC32)cc1,-20.16807093827462,18,0.7281553398058253,-0.4402966729104527
Cc1ccc(C(=O)Nc2cc3c4c(c2)C2C=CC(Cc5cnc[nH]5)C2CN4CC2CC=CC32)cc1,-20.171059766754,450,0.6637168141592921,-0.44328550138983047
Cc1ccc(C(=O)Nc2cc3c4c(c2)C2C(N=O)=CCC2CN4CC2CC=CC32)cc1,-20.179594374562022,74,0.75,-0.451820109197854
Cc1ccc(C(=O)Nc2cc3c4c(c2)C2([SH]56C=C5CCC6)C=CCC2CN4CC2CC=CC32)cc1,-20.184950081875225,105,0.6068376068376068,-0.4571758165110573
Cc1ccc(C(=O)Nc2cc3c4c(c2)C2(N(C)C(=N)C5CC5)C=CCC2CN4CC2CC=CC32)cc1,-20.185590031899448,178,0.6206896551724138,-0.4578157665352798
Cc1ccc(C(=O)Nc2cc3c4c(c2)C2C=CCC2CN4CC2CC=CC32)c(C=O)c1,-20.194897365926284,61,0.75,-0.4671231005621159
Cc1ccc(C(=O)Nc2cc3c4c(c2)C2C=CCC2CN4CC2CC=CC32)cc1N1C=CC=CN1,-20.195366620919934,60,0.6936936936936937,-0.46759235555576595
Cc1ccc(C(=O)Nc2cc3c4c(c2)C2C=CC(CCN5C=CCC5=N)C2CN4CC2CC=CC32)cc1,-20.19748423121208,547,0.6637931034482759,-0.4697099658479118
Cc1ccc(C(=O)Nc2cc3c4c(c2)C2C=C(C5=C=CN=N5)CC2CN4CC2CC=CC32)cc1,-20.217533359615636,68,0.7129629629629629,-0.48975909425146824
Cc1ccc(C(=O)Nc2cc3c4c(c2)C2C=CC(CCCC(N)=O)C2CN4CC2CC=CC32)cc1,-20.22231726870626,537,0.6756756756756757,-0.4945430033420912
Cc1ccc(C(=O)Nc2cc3c4c(c2)C2C=CC(CCCC(N)=O)C2CN4CC2CC=CC32)cc1,-20.22231726870626,537,0.6756756756756757,-0.4945430033420912
Cc1ccc(C(=O)Nc2cc3c4c(c2C2=C5CC5C=N2)C2C=CCC2CN4CC2CC=CC32)cc1,-20.22402514703471,64,0.6637168141592921,-0.4962508816705409
Cc1ccc(C(=O)Nc2cc3c4c(c2)C2C=CC(c5ncc[nH]5)C2CN4CC2CC=CC32)cc1,-20.225894245763072,412,0.6818181818181818,-0.49811998039890426
Cc1ccc(C(=O)Nc2cc3c4c(c2)C2C=CC(CN=N)C2CN4CC2CC=CC32)cc1,-20.228555334404053,450,0.7281553398058253,-0.5007810690398848
O=Cc1ccc(C(=O)Nc2cc3c4c(c2)C2C=CCC2CN4CC2CC=CC32)cc1,-20.229573103723823,12,0.8404255319148937,-0.5017988383596546
Cc1ccc(C(=O)Nc2cc3c4c(c2)C2C=CC(CC5=NC(=N)SC5)C2CN4CC2CC=CC32)cc1,-20.239548715913145,589,0.6666666666666666,-0.5117744505489767
Cc1ccc(C(=O)Nc2cc3c4c(c2N=CO)C2C=CCC2CN4CC2CC=CC32)cc1,-20.259162527399464,34,0.7115384615384616,-0.5313882620352963
Cc1ccc(C(=O)Nc2cc3c4c(c2)C2C=CC(CN5CCCC5=N)C2CN4CC2CC=CC32)cc1,-20.263180795939398,538,0.6666666666666666,-0.53540653057523
Cc1ccc(C(=O)Nc2cc3c4c(c2)C2C=CCC2CN4CC2CC=CC32)cc1NC(N)=O,-20.268868003826128,122,0.7307692307692307,-0.5410937384619601
Cc1ccc(C(=O)Nc2cc3c4c(c2)C2C=CCC2CN4CC2CC=CC32)cc1NC(N)=O,-20.268868003826128,130,0.7307692307692307,-0.5410937384619601
CC(=O)NCc1ccc(C(=O)Nc2cc3c4c(c2)C2C=CCC2CN4CC2CC=CC32)cc1,-20.278537165223522,162,0.7920792079207921,-0.5507628998593539
CC(N)=NSC1=CCC2CN3CC4CC=CC4c4cc(NC(=O)c5ccc(C)cc5)cc(c43)C12,-20.281670985561437,88,0.6944444444444444,-0.5538967201972689
CN=C(O)c1cc(C)ccc1C(=O)Nc1cc2c3c(c1)C1C=CCC1CN3CC1CC=CC21,-20.290956118338947,61,0.7142857142857143,-0.563181852974779
Cc1ccc(C(=O)Nc2cc3c4c(c2)C2C=CCC2(CN=O)CN4CC2CC=CC32)cc1,-20.324167894773453,177,0.6792452830188679,-0.5963936294092846
Cc1ccc(C(=O)Nc2cc3c4c(c2)C2C=CCC2CN4CC2CC=CC32)c(C=C2C=NC=N2)c1,-20.327477852856923,94,0.6785714285714286,-0.5997035874927548
O=C(Nc1cc2c3c(c1)C1C=CCC1CN3CC1CC=CC21)c1ccc(C2OC(O)=C3CC32)cc1,-20.32882304976926,125,0.7247706422018348,-0.6010487844050907
Cc1ccc(C(=O)Nc2cc3c4c(c2)C2C=CC(CN=O)C2CN4CC2CC=CC32)cc1,-20.32998005943398,404,0.7281553398058253,-0.6022057940698105
Cc1ccc(C(=O)Nc2cc3c4c(c2)C2C=CC(CN=O)C2CN4CC2CC=CC32)cc1,-20.32998005943398,450,0.7281553398058253,-0.6022057940698105
Cc1ccc(C(=O)Nc2cc3c4c(c2)C2C=CC(CN=O)C2CN4CC2CC=CC32)cc1,-20.32998005943398,545,0.7281553398058253,-0.6022057940698105
Cc1ccc(C(=O)Nc2cc3c4c(c2)C2C=CCC2CN4CC2CC=CC32)cc1NC=O,-20.334620507166274,60,0.7450980392156863,-0.6068462418021063
Cc1ccc(C(=O)Nc2cc3c4c(c2)C2C=CCC2(N=N)CN4CC2CC=CC32)cc1,-20.335393838801714,21,0.6990291262135923,-0.607619573437546
Cc1ccc(C(=O)Nc2cc3c4c(c2)C2C=CCC2(N=N)CN4CC2CC=CC32)cc1,-20.335393838801714,24,0.6990291262135923,-0.607619573437546
C=C1OCCN1C1=CCC2CN3CC4CC=CC4c4cc(NC(=O)c5ccc(C)cc5)cc(c43)C12,-20.339008755767104,103,0.6696428571428571,-0.6112344904029356
Cc1ccc(C(=O)Nc2cc3c4c(c2)C2C(C=O)=CCC2CN4CC2CC=CC32)cc1,-20.33929259585318,74,0.75,-0.6115183304890124
Cc1ccc(C(=O)Nc2cc3c4c(c2)C2C(C=O)=CCC2CN4CC2CC=CC32)cc1,-20.33929259585318,4,0.75,-0.6115183304890124
Cc1ccc(C(=O)Nc2cc3c4c(c2)C2C=CCC2C(C(=N)O)N4CC2CC=CC32)cc1,-20.34005164446452,59,0.7184466019417476,-0.6122773791003517
C=C1CNN(c2cc(C(=O)Nc3cc4c5c(c3)C3C=CCC3CN5CC3CC=CC43)ccc2C)C1=C,-20.341272661921828,164,0.672566371681416,-0.6134983965576595
Cc1ccc(C(=O)Nc2cc3c4c(c2)C2C=CCC2CN4CC2CC=CC32)c(C2OSC3CC32)c1,-20.34571482671182,62,0.6637168141592921,-0.6179405613476519
CC1=NCCN1C1=CC2c3cc(NC(=O)c4ccc(C)cc4)cc4c3N(CC3CC=CC43)CC2C1,-20.349372770389014,161,0.6846846846846847,-0.6215985050248456
Cc1ccc(C(=O)Nc2cc3c4c(c2)C2C=C(C=O)CC2CN4CC2CC=CC32)cc1,-20.350258130330154,31,0.7676767676767676,-0.6224838649659858
Cc1ccc(C(=O)Nc2cc3c4c(c2)C2C=CC(CC=O)C2CN4CC2CC=CC32)cc1,-20.358228948468533,404,0.7281553398058253,-0.6304546831043645
C=C1CN(c2cc(C)ccc2C(=O)Nc2cc3c4c(c2)C2C=CCC2CN4CC2CC=CC32)C=N1,-20.368095256861498,95,0.6846846846846847,-0.6403209914973296
C=C1C=NN=C1C1C2CC=CC2c2cc(NC(=O)c3ccc(C)cc3)cc3c2N1CC1CC=CC31,-20.375427129875074,44,0.6548672566371682,-0.6476528645109063
Cc1ccc(C(=O)Nc2cc3c4c(c2)C2C=CC(CCC5=NNCC5)C2CN4CC2CC=CC32)cc1,-20.380894020542208,490,0.6608695652173913,-0.6531197551780394
Cc1ccc(C(=O)Nc2cc3c4c(c2)C2C=CCC2CN4CC2CC=CC32)c(C2CCOO2)c1,-20.383029860290993,62,0.6818181818181818,-0.6552555949268246
CNC(C)Nc1cc(C(=O)Nc2cc3c4c(c2)C2C=CCC2CN4CC2CC=CC32)ccc1C,-20.397095844972565,164,0.7102803738317757,-0.6693215796083969
Cc1ccc(C(=O)Nc2cc3c4c(c2)C2C=CCC2C(N=S=N)N4CC2CC=CC32)cc1,-20.40197129831104,69,0.7115384615384616,-0.6741970329468714
Cc1ccc(C(=O)Nc2cc3c4c(c2)C2C=CCC2(CC2OCC5CC52)CN4CC2CC=CC32)cc1,-20.402085684250526,104,0.6324786324786325,-0.6743114188863579
C=[SH]C(=N)CC12CC=CC1c1cc(NC(=O)c3ccc(C)cc3)cc3c1N(CC1CC=CC31)C2,-20.402545621537698,124,0.6486486486486487,-0.6747713561735296
Cc1ccc(C(=O)Nc2cc3c4c(c2)C2(N=O)C=CCC2CN4CC2CC=CC32)cc1,-20.41109034722644,2,0.6826923076923077,-0.683316081862273
O=C(Nc1cc2c3c(c1)C1C=CCC1CN3CC1CC=CC21)c1ccc(-c2ncn[nH]2)cc1,-20.413215390886734,35,0.7596153846153846,-0.6854411255225656
Cc1ccc(C(=O)Nc2cc3c4c(c2)C2C=CC(N=O)C2CN4CC2CC=CC32)cc1,-20.41370365437683,489,0.75,-0.6859293890126636
Cc1ccc(C(=O)Nc2cc3c4c(c2)C2C=CCC2(C(=N)O)CN4CC2CC=CC32)cc1,-20.415837698651845,36,0.6857142857142857,-0.6880634332876774
Cc1ccc(C(=O)Nc2cc3c4c(c2)C2C=CCC2(C2=C(N)C2)CN4CC2CC=CC32)cc1,-20.417334336597698,104,0.6666666666666666,-0.6895600712335295
Cc1ccc(C(=O)Nc2cc3c4c(c2)C2C(N5C=NCCC5)=CCC2CN4CC2CC=CC32)cc1,-20.424219240902055,46,0.6785714285714286,-0.6964449755378865
Cc1ccc(C(=O)Nc2cc3c4c(c2)C2C=CCC2CN4CC2CC=CC32)c(C2CCCS2(=O)=O)c1,-20.43145968224995,62,0.6578947368421053,-0.7036854168857829
Cc1ccc(C(=O)Nc2cc3c4c(c2)C2C=CCC2C(C25CCCN2C5)N4CC2CC=CC32)cc1,-20.437533407822013,44,0.6637168141592921,-0.7097591424578447
C=C1CN(c2cc(C)ccc2C(=O)Nc2cc3c4c(c2)C2C=CCC2CN4CC2CC=CC32)CCN1,-20.441756502327365,95,0.6521739130434783,-0.7139822369631972
Cc1ccc(C(=O)Nc2cc3c4c(c2)C2C=CCC2CN4CC2CC=CC32)cc1N1COC1C,-20.444671483945754,90,0.7037037037037037,-0.7168972185815861
C=C1C2C=C2CN1C1C2CC=CC2c2cc(NC(=O)c3ccc(C)cc3)cc3c2N1CC1CC=CC31,-20.444849031886736,99,0.6521739130434783,-0.7170747665225683
Cc1ccc(C(=O)Nc2cc3c4c(c2)C2(c5ncc[nH]5)C=CCC2CN4CC2CC=CC32)cc1,-20.458647638218807,72,0.6228070175438597,-0.7308733728546386
Cc1ccc(C(=O)Nc2cc3c4c(c2)C2C=CCC2(N=O)CN4CC2CC=CC32)cc1,-20.459328242143453,70,0.6990291262135923,-0.7315539767792849
O=C(Nc1cc2c3c(c1)C1C=CCC1CN3CC1CC=CC21)c1ccc(CC2=C3C=C=CN32)cc1,-20.468498427728285,126,0.7181818181818181,-0.740724162364117
Cc1ccc(C(=O)Nc2cc3c4c(c2)C2C=CCC2C(ON2CCCCO2)N4CC2CC=CC32)cc1,-20.470934246298675,170,0.646551724137931,-0.7431599809345073
Cc1ccc(C(=O)Nc2cc3c4c(c2)C2C=C(c5ncn[nH]5)CC2CN4CC2CC=CC32)cc1,-20.47882449468099,68,0.7129629629629629,-0.7510502293168209
O=C(Nc1cc2c3c(c1)C1C=CCC1CN3CC1CC=CC21)c1ccc(CN=S=S)cc1,-20.48475786697612,66,0.79,-0.7569836016119531
Cc1ccc(C(=O)Nc2cc3c4c(c2NC=O)C2C=CCC2CN4CC2CC=CC32)cc1,-20.48588118709636,23,0.7115384615384616,-0.7581069217321925
CC(=O)NC1=CCC2CN3CC4CC=CC4c4cc(NC(=O)c5ccc(C)cc5)cc(c43)C12,-20.48638196439621,160,0.7142857142857143,-0.7586076990320407
Cc1ccc(C(=O)Nc2cc3c4c(c2)C2C=CCC2(N2C=C2)CN4CC2CC=CC32)cc1,-20.492369083780492,71,0.6792452830188679,-0.7645948184163238
C=C1OC(C2=CC3c4cc(NC(=O)c5ccc(C)cc5)cc5c4N(CC4CC=CC54)CC3C2)=C2OC12,-20.492806392642684,120,0.6666666666666666,-0.7650321272785163
Cc1ccc(C(=O)Nc2cc3c4c(c2)C2C=CCC2C(C=NO)N4CC2CC=CC32)cc1,-20.495545945108624,170,0.7115384615384616,-0.767771679744456
Cc1ccc(C(=O)Nc2cc3c4c(c2)C2C=CCC2(N2CCCSOC2)CN4CC2CC=CC32)cc1,-20.49655968824934,40,0.6050420168067226,-0.7687854228851734
Cc1ccc(C(=O)Nc2cc3c4c(c2)C2C=CCC2C(C=O)N4CC2CC=CC32)cc1,-20.50079749616194,59,0.7326732673267327,-0.7730232307977722
Cc1ccc(C(=O)Nc2cc3c4c(c2)C2C=CCC2C(C=O)N4CC2CC=CC32)cc1,-20.50079749616194,15,0.7326732673267327,-0.7730232307977722
Cc1ccc(C(=O)Nc2cc3c4c(c2)C2C=CC(N5SCCC5=N)C2CN4CC2CC=CC32)cc1,-20.505646352899657,536,0.6846846846846847,-0.7778720875354885
Cc1ccc(C(=O)Nc2cc3c4c(c2)C2C=C(c5n[nH]o5)CC2CN4CC2CC=CC32)cc1,-20.50593595733598,56,0.7238095238095238,-0.7781616919718104
Cc1ccc(C(=O)Nc2cc3c4c(c2)C2C=CCC2C(NC2=NCCS2)N4CC2CC=CC32)cc1,-20.524466018477447,99,0.6637168141592921,-0.7966917531132793
Cc1ccc(C(=O)N(C(N)=O)c2cc3c4c(c2)C2C=CCC2CN4CC2CC=CC32)cc1,-20.52709812295781,67,0.7352941176470589,-0.7993238575936417
Cc1ccc(C(=O)Nc2cc3c4c(c2)C2C=CCC2C(CC2=C5CN5CO2)N4CC2CC=CC32)cc1,-20.527870132132673,131,0.6608695652173913,-0.8000958667685047
Cc1ccc(C(=O)Nc2cc3c4c(c2)C2C=CC(CN5CCC6=CN6CC5)C2CN4CC2CC=CC32)cc1,-20.528615570250007,499,0.628099173553719,-0.8008413048858394
Cc1ccc(C(=O)Nc2cc3c4c(c2)C2(N5COCCC5C)C=CCC2CN4CC2CC=CC32)cc1,-20.530165661778284,102,0.6101694915254238,-0.8023913964141158
C=CN(C(=N)C=N)C1=CC2c3cc(NC(=O)c4ccc(C)cc4)cc4c3N(CC3CC=CC43)CC2C1,-20.530479051785747,172,0.6785714285714286,-0.8027047864215788
Cc1ccc(C(=O)Nc2cc3c4c(c2)C2C(C5=C=CC(=N)O5)=CCC2CN4CC2CC=CC32)cc1,-20.540548695734024,103,0.6846846846846847,-0.8127744303698563
Cc1ccc(C(=O)Nc2cc3c4c(c2)C2C=C(NN=O)CC2CN4CC2CC=CC32)cc1,-20.547326817131395,129,0.7450980392156863,-0.8195525517672273
Cc1ccc(C(=O)Nc2cc3c4c(c2)C2C=CCC2C(C2=NOC2)N4CC2CC=CC32)cc1,-20.5515338335956,16,0.7075471698113207,-0.8237595682314307
COC(C)NC1=CCC2CN3CC4CC=CC4c4cc(NC(=O)c5ccc(C)cc5)cc(c43)C12,-20.553225590296243,103,0.6944444444444444,-0.8254513249320752
Cc1ccc(C(=O)Nc2cc3c4c(c2)C2([PH]5(=N)C=C=N5)C=CCC2CN4CC2CC=CC32)cc1,-20.55676977032024,45,0.6339285714285714,-0.8289955049560724
C=C1N=N[SH]=C1C12C=CCC1CN1CC3CC=CC3c3cc(NC(=O)c4ccc(C)cc4)cc2c31,-20.556898714862665,132,0.6120689655172413,-0.8291244494984973
C=C1CN(C2=CC3c4cc(NC(=O)c5ccc(C)cc5)cc5c4N(CC4CC=CC54)CC3C2)CC(=C)N1,-20.557381004911207,87,0.6551724137931034,-0.8296067395470388
CC(=O)NC1C2CC=CC2c2cc(NC(=O)c3ccc(C)cc3)cc3c2N1CC1CC=CC31,-20.558908652204522,166,0.6981132075471698,-0.831134386840354
CC(=O)NC1C2CC=CC2c2cc(NC(=O)c3ccc(C)cc3)cc3c2N1CC1CC=CC31,-20.558908652204522,166,0.6981132075471698,-0.831134386840354
Cc1ccc(C(=O)Nc2cc3c4c(c2)C2C=C(N5CCOC5)CC2CN4CC2CC=CC32)cc1,-20.56325751277969,29,0.6972477064220184,-0.8354832474155209
Cc1ccc(C(=O)Nc2cc3c4c(c2)C2C=CCC2C(N(C)O)N4CC2CC=CC32)cc1,-20.569294685649172,170,0.7184466019417476,-0.8415204202850042
Cc1ccc(C(=O)Nc2cc3c4c(c2)C2C=CCC2C(c2nnc[nH]2)N4CC2CC=CC32)cc1,-20.5701989226783,16,0.6666666666666666,-0.8424246573141332
Cc1ccc(C(=O)Nc2cc3c4c(c2)C2C=CCC2CN4CC2CC=CC32)cc1C1C=NC=N1,-20.573772203139445,58,0.7129629629629629,-0.8459979377752767
Cc1ccc(C(=O)Nc2cc3c4c(c2)C2C=CCC2(C=O)CN4CC2CC=CC32)cc1,-20.577435358826147,70,0.6990291262135923,-0.8496610934619788
Cc1ccc(C(=O)Nc2cc3c4c(c2)C2C=CCC2(C=O)CN4CC2CC=CC32)cc1,-20.577435358826147,36,0.6990291262135923,-0.8496610934619788
Cc1ccc(C(=O)Nc2cc3c4c(c2)C2C=C(NC5=CCO5)CC2CN4CC2CC=CC32)cc1,-20.579407930280645,120,0.719626168224299,-0.8516336649164771
Cc1ccc(C(=O)Nc2cc3c4c(c2)C2C=CCC2C(N2N=CCS2)N4CC2CC=CC32)cc1,-20.591231821096702,69,0.6818181818181818,-0.8634575557325341
Cc1ccc(C(=O)Nc2cc3c4c(c2)C2C=CC(CC5=NC=NC6=CC65)C2CN4CC2CC=CC32)cc1,-20.597550658081715,491,0.6302521008403361,-0.8697763927175473
CC1=NCN1CC1C=CC2c3cc(NC(=O)c4ccc(C)cc4)cc4c3N(CC3CC=CC43)CC12,-20.597971548937224,599,0.6846846846846847,-0.8701972835730558
Cc1ccc(C(=O)Nc2cc3c4c(c2)C2C=CC(C=O)C2CN4CC2CC=CC32)cc1,-20.59981332731859,489,0.75,-0.8720390619544212
Cc1ccc(C(=O)Nc2cc3c4c(c2)C2C=CCC2(c2ncnc(C)n2)CN4CC2CC=CC32)cc1,-20.609082218161404,124,0.6101694915254238,-0.8813079527972363
C=C1CCOC1NC1=CCC2CN3CC4CC=CC4c4cc(NC(=O)c5ccc(C)cc5)cc(c43)C12,-20.609495991074294,88,0.6521739130434783,-0.8817217257101255
Cc1ccc(C(=O)Nc2cc3c4c(c2)C2C=C(C[SH]=N)CC2CN4CC2CC=CC32)cc1,-20.614056471439852,68,0.7450980392156863,-0.8862822060756841
Cc1ccc(C(=O)Nc2cc3c4c(c2)C2C=C([SH]56CC5CC5C=C56)CC2CN4CC2CC=CC32)cc1,-20.617516439652718,87,0.6754385964912281,-0.8897421742885498
Cc1ccc(C(=O)Nc2cc3c4c(c2)C2C=CCC2CN4CC2CC=CC32)c(C2C=NC=N2)c1,-20.6175787843081,19,0.6972477064220184,-0.889804518943933
Cc1ccc(C(=O)Nc2cc3c4c(c2)C2C=CCC2C(C2COCCO2)N4CC2CC=CC32)cc1,-20.619576000124532,15,0.6637168141592921,-0.8918017347603637
Cc1ccc(C(=O)Nc2cc3c4c(c2)C2(C5=NC5)C=CCC2CN4CC2CC=CC32)cc1,-20.630291736062865,45,0.6635514018691588,-0.9025174706986974
Cc1ccc(C(=O)Nc2cc3c4c(c2)C2C=CC(CCC5=NN(C)C=CN5)C2CN4CC2CC=CC32)cc1,-20.634902585808657,490,0.6198347107438017,-0.9071283204444889
Cc1ccc(C(=O)Nc2cc3c4c(c2)C2C=C(N5NCCC5C)CC2CN4CC2CC=CC32)cc1,-20.638727019012514,56,0.6846846846846847,-0.9109527536483455
Cc1ccc(C(=O)Nc2cc3c4c(c2)C2C(N5C=NCC5)=CCC2CN4CC2CC=CC32)cc1,-20.654369443666084,46,0.6972477064220184,-0.9265951783019162
Cc1ccc(C(=O)Nc2cc3c4c(c2)C2C=CCC2C(NOP2CC2)N4CC2CC=CC32)cc1,-20.689143281318813,127,0.6880733944954128,-0.9613690159546451
Cc1ccc(C(=O)Nc2cc3c4c(c2)C2C=CC(CN5CCOC5)C2CN4CC2CC=CC32)cc1,-20.693766350267083,404,0.6785714285714286,-0.9659920849029149
Cc1ccc(C(=O)Nc2cc3c4c(c2[SH]25C=C2OCO5)C2C=CCC2CN4CC2CC=CC32)cc1,-20.694421472536686,98,0.6637168141592921,-0.9666472071725174
Cc1ccc(C(=O)Nc2cc3c4c(c2)C2(N5CCCO5)C=CCC2CN4CC2CC=CC32)cc1,-20.69763806322685,7,0.6228070175438597,-0.9698637978626827
Cc1ccc(C(=O)Nc2cc3c4c(c2)C2(C=O)C=CCC2CN4CC2CC=CC32)cc1,-20.699971830265337,2,0.6826923076923077,-0.9721975649011689
Cc1ccc(C(=O)Nc2cc3c4c(c2)C2(C=O)C=CCC2CN4CC2CC=CC32)cc1,-20.699971830265337,7,0.6826923076923077,-0.9721975649011689
Cc1ccc(C(=O)Nc2cc3c4c(c2)C2C=C(OCN)CC2CN4CC2CC=CC32)cc1,-20.700627033159577,31,0.7450980392156863,-0.9728527677954091
CNC(=O)NC1=CCC2CN3CC4CC=CC4c4cc(NC(=O)c5ccc(C)cc5)cc(c43)C12,-20.70849831074898,176,0.6944444444444444,-0.980724045384811
Cc1ccc(C(=O)Nc2cc3c4c(c2)C2C=CC(N5CC6=C(C6)C5=N)C2CN4CC2CC=CC32)cc1,-20.711908329281357,599,0.6666666666666666,-0.9841340639171889
Cc1ccc(C(=O)Nc2cc3c4c(c2)C2C=CCC2(N2CC=CC2=N)CN4CC2CC=CC32)cc1,-20.712048045322664,124,0.6260869565217392,-0.984273779958496
Cc1ccc(C(=O)Nc2cc3c4c(c2)C2C=CC(CNN=N)C2CN4CC2CC=CC32)cc1,-20.715807455607134,600,0.7075471698113207,-0.988033190242966
Cc1ccc(C(=O)Nc2cc3c4c(c2)C2C(C5=S(O)C6=CC6=[SH]5)=CCC2CN4CC2CC=CC32)cc1,-20.716348900866834,136,0.6666666666666666,-0.9885746355026654
Cc1ccc(C(=O)Nc2cc3c4c(c2)C2(NC5CCCO5)C=CCC2CN4CC2CC=CC32)cc1,-20.72432213342727,173,0.6206896551724138,-0.9965478680631001
Cc1ccc(C(=O)Nc2cc3c4c(c2)C2C=CC(Cc5cn[nH]n5)C2CN4CC2CC=CC32)cc1,-20.72577691432431,491,0.6637168141592921,-0.9980026489601421
Cc1ccc(C(=O)Nc2cc3c4c(c2)C2C=CCC2CN4CC2CC=CC32)c(N2CCC(C)OCN2)c1,-20.733040591461624,30,0.635593220338983,-1.0052663260974555
Cc1ccc(C(=O)Nc2cc3c4c(c2)C2C=C(N5CCOC5=N)CC2CN4CC2CC=CC32)cc1,-20.733427834171344,161,0.6846846846846847,-1.0056535688071762
C=C1CCCN1C(=O)Nc1cc2c3c(c1)C1C=CCC1CN3CC1CC=CC21,-20.734810406452713,179,0.6057692307692307,-1.0070361410885447
Cc1ccc(C(=O)Nc2cc3c4c(c2)C2C=CC(C5=C(N)O5)C2CN4CC2CC=CC32)cc1,-20.735439261977845,498,0.7142857142857143,-1.007664996613677
Cc1ccc(C(=O)Nc2cc3c4c(c2)C2C=CCC2(NC2CCCO2)CN4CC2CC=CC32)cc1,-20.738508189514256,171,0.6347826086956522,-1.0107339241500881
Cc1ccc(C(=O)Nc2cc3c4c(c2)C2C=CCC2(N2CCCOC2=N)CN4CC2CC=CC32)cc1,-20.744868030917644,171,0.6101694915254238,-1.0170937655534757
Cc1ccc(C(=O)Nc2cc3c4c(c2)C2(C5=CON=NO5)C=CCC2CN4CC2CC=CC32)cc1,-20.74624085074183,7,0.6068376068376068,-1.0184665853776629
Cc1ccc(C(=O)Nc2cc3c4c(c2)C2C=CC(CN5CCN(C)C5)C2CN4CC2CC=CC32)cc1,-20.751527339741774,450,0.6666666666666666,-1.0237530743776055
Cc1ccc(C(=O)N(c2cc3c4c(c2)C2C=CCC2CN4CC2CC=CC32)N2CC(C)O2)cc1,-20.758451685160743,134,0.6944444444444444,-1.0306774197965751
Cc1ccc(C(=O)Nc2cc3c4c(c2)C2C=CCC2CN4CC2CC=CC32)cc1N1C=CCN=[SH]1,-20.781382378360043,60,0.6936936936936937,-1.0536081129958745
Cc1ccc(C(=O)Nc2cc3c4c(c2)C2C=CC(CNN=O)C2CN4CC2CC=CC32)cc1,-20.785203736845286,546,0.7075471698113207,-1.057429471481118
Cc1ccc(C(=O)Nc2cc3c4c(c2)C2C=CCC2(C2=CS(=O)C2)CN4CC2CC=CC32)cc1,-20.78651851358555,70,0.6486486486486487,-1.0587442482213802
CN=NNC12CC=CC1c1cc(NC(=O)c3ccc(C)cc3)cc3c1N(CC1CC=CC31)C2,-20.79625082125498,135,0.6605504587155964,-1.0684765558908111
Cc1ccc(C(=O)Nc2cc3c4c(c2)C2C=CCC2(NN=N)CN4CC2CC=CC32)cc1,-20.7981190767577,135,0.6792452830188679,-1.0703448113935323
Cc1ccc(C(=O)Nc2cc3c4c(c2)C2C(N5CNCC5C)=CCC2CN4CC2CC=CC32)cc1,-20.82049718820292,6,0.6696428571428571,-1.0927229228387532
Cc1ccc(C(=O)Nc2cc3c4c(c2)C2C=C(C(N)=O)CC2CN4CC2CC=CC32)cc1,-20.830030113913413,11,0.7524752475247525,-1.1022558485492446
C=C1C2=C(CN1CC1C=CC3c4cc(NC(=O)c5ccc(C)cc5)cc5c4N(CC4CC=CC54)CC13)N2,-20.839234638003088,499,0.6495726495726496,-1.1114603726389198
Cc1ccc(C(=O)Nc2cc3c4c(c2)C2C=CCC2(C2=NC=NC2=N)CN4CC2CC=CC32)cc1,-20.85124195139393,40,0.6260869565217392,-1.1234676860297625
C=C1CN(N(C(=O)c2ccc(C)cc2)c2cc3c4c(c2)C2C=CCC2CN4CC2CC=CC32)C1=O,-20.858165804445818,39,0.6756756756756757,-1.13039153908165
O=C(Nc1cc2c3c(c1)C1C=CCC1CN3CC1CC=CC21)C1=CCC1,-20.86338108876135,47,0.6947368421052632,-1.1356068233971826
Cc1ccc(C(=O)Nc2cc3c4c(c2)C2(NN=O)C=CCC2CN4CC2CC=CC32)cc1,-20.871401358773426,138,0.6635514018691588,-1.1436270934092576
C=C1OC=C2C1N2C1C=CC2c3cc(NC(=O)c4ccc(C)cc4)cc4c3N(CC3CC=CC43)CC21,-20.883369939562662,498,0.6521739130434783,-1.1555956741984943
Cc1ccc(C(=O)Nc2cc3c4c(c2)C2C=CCC2(NN=O)CN4CC2CC=CC32)cc1,-20.887929936656427,36,0.6792452830188679,-1.1601556712922587
Cc1ccc(C(=O)Nc2cc3c4c(c2)C2C=CCC2(NN=O)CN4CC2CC=CC32)cc1,-20.887929936656427,177,0.6792452830188679,-1.1601556712922587
Cc1ccc(C(=O)Nc2cc3c4c(c2)C2(C5(C)N=[SH]5)C=CCC2CN4CC2CC=CC32)cc1,-20.89982996556765,102,0.6513761467889908,-1.172055700203483
O=C(Nc1cc2c3c(c1)C1C=CCC1CN3CC1CC=CC21)c1ccc(C2=C=NC=N2)cc1,-20.902541282067155,65,0.7596153846153846,-1.1747670167029867
Cc1ccc(C(=O)Nc2cc3c4c(c2)C2C=CCC2CN4CC2CC=CC32)cc1C1=CC=[SH]C=NN=CC1,-20.907140093950197,60,0.6416666666666667,-1.179365828586029
Cc1ccc(C(=O)Nc2cc3c4c(c2)C2C=CC(C5=C6C(=N)C[SH]=C65)C2CN4CC2CC=CC32)cc1,-20.922025442138924,498,0.6666666666666666,-1.1942511767747561
C=C1NCCN1C1C=CC2c3cc(NC(=O)c4ccc(C)cc4)cc4c3N(CC3CC=CC43)CC21,-20.934202709583047,599,0.6846846846846847,-1.2064284442188793
Cc1ccc(C(=O)Nc2cc3c4c(c2)C2(N5NCC(C)C5C)C=CCC2CN4CC2CC=CC32)cc1,-20.964457561864414,132,0.6153846153846154,-1.2366832965002459
Cc1ccc(C(=O)Nc2cc3c4c(c2)C2C=CC(N5OC=CO5)C2CN4CC2CC=CC32)cc1,-20.973001403082655,489,0.6818181818181818,-1.2452271377184871
CC1NCN(Cc2ccc(C(=O)Nc3cc4c5c(c3)C3C=CCC3CN5CC3CC=CC43)cc2)C1=N,-20.97596735422531,93,0.7272727272727273,-1.248193088861143
Cc1ccc(C(=O)Nc2cc3c4c(c2)C2(N(C=N)C(=N)N=N)C=CCC2CN4CC2CC=CC32)cc1,-20.980499381251278,132,0.6068376068376068,-1.2527251158871096
Cc1ccc(C(=O)Nc2cc3c4c(c2)C2C(N5CCC=NN5)=CCC2CN4CC2CC=CC32)cc1,-20.981310749573357,6,0.6785714285714286,-1.2535364842091887
Cc1ccc(C(=O)Nc2cc3c4c(c2)C2C=CCC2(N2C[SH]=C(O)S2)CN4CC2CC=CC32)cc1,-20.98325763205188,171,0.6260869565217392,-1.255483366687713
Cc1ccc(C(=O)Nc2cc3c4c(c2)C2C(N5C(=N)C(=O)NCC5(C)C)=CCC2CN4CC2CC=CC32)cc1,-20.990138413307555,119,0.6198347107438017,-1.2623641479433871
Cc1ccc(C(=O)Nc2cc3c4c(c2)C2C=CCC2C(N=C2N=C=N2)N4CC2CC=CC32)cc1,-20.99441773440712,99,0.6727272727272727,-1.2666434690429504
C=C1CN(N(C(=O)c2ccc(C)cc2)c2cc3c4c(c2)C2C=CCC2CN4CC2CC=CC32)CN1,-20.99898118436758,174,0.6696428571428571,-1.2712069190034114
C=C(C)C(=S)C(=O)Nc1cc2c3c(c1)C1C=CCC1CN3CC1CC=CC21,-21.020896462577515,106,0.6363636363636364,-1.2931221972133464
C=[PH]1CCCN(c2ccc(C(=O)Nc3cc4c5c(c3)C3C=CCC3CN5CC3CC=CC43)cc2)N1,-21.023717908831873,65,0.7247706422018348,-1.2959436434677052
C1=CC2c3cc(NC4=CS4)cc4c3N(CC2C1)CC1CC=CC41,-21.054285902696623,48,0.6276595744680851,-1.3265116373324553
Cc1ccc(C(=O)Nc2cc3c4c(c2)C2C=CCC2C(N2C=[SH]CC2)N4CC2CC=CC32)cc1,-21.05624788891325,43,0.6818181818181818,-1.3284736235490833
Cc1ccc(C(=O)Nc2cc3c4c(c2)C2C=CCC2CN4CC2CC=CC32)cc1N1CNOC1,-21.06639273065388,28,0.6972477064220184,-1.3386184652897128
Cc1ccc(C(=O)N(c2cc3c4c(c2)C2C=CCC2CN4CC2CC=CC32)N2CCCC(=N)ON2)cc1,-21.087505410385294,134,0.635593220338983,-1.3597311450211258
O=NSC(=O)Nc1cc2c3c(c1)C1C=CCC1CN3CC1CC=CC21,-21.092487760265843,139,0.6458333333333334,-1.3647134949016753
Cc1ccc(C(=O)Nc2cc3c4c(c2)C2C=CCC2(N2OCNCCC2C)CN4CC2CC=CC32)cc1,-21.104804892647973,92,0.6083333333333333,-1.3770306272838049
C=C1CNNCN1c1cc(C(=O)Nc2cc3c4c(c2)C2C=CCC2CN4CC2CC=CC32)ccc1C,-21.11157767573164,97,0.6666666666666666,-1.3838034103674701
Cc1ccc(C(=O)Nc2cc3c4c(c2)C2C=CCC2CN4CC2CC=CC32)c(N2CC=NN2)c1,-21.115595130756308,30,0.6972477064220184,-1.3878208653921398
Cc1ccc(C(=O)Nc2cc3c4c(c2)C2C=CC(NC(N)=O)C2CN4CC2CC=CC32)cc1,-21.11631495269429,599,0.7142857142857143,-1.3885406873301207
CCc1c(Nc2cc3c4c(c2)C2C=CCC2CN4CC2CC=CC32)c1=O,-21.117228739120094,107,0.61,-1.3894544737559258
O=C(Nc1cc2c3c(c1)C1C=CCC1CN3CC1CC=CC21)C1=CC1,-21.180800527467348,106,0.717391304347826,-1.4530262621031795
Cc1ccc(C(=O)Nc2cc3c4c(c2)C2(C[SH](=N)=O)C=CCC2CN4CC2CC=CC32)cc1,-21.22560759664785,72,0.6513761467889908,-1.4978333312836831
Cc1ccc(C(=O)Nc2cc3c4c(c2)C2C=CC(CCN5CCCNC(N)C5)C2CN4CC2CC=CC32)cc1,-21.250426264266178,547,0.6178861788617886,-1.5226519989020098
Cc1ccc(C(=O)Nc2cc3c4c(c2)C2C=CCC2(N2C=NC(=O)CC5CC52)CN4CC2CC=CC32)cc1,-21.2529809711412,21,0.6065573770491803,-1.5252067057770304
C=C(C)NNc1cc2c3c(c1)C1C=CCC1CN3CC1CC=CC21,-21.260937108652712,107,0.6145833333333334,-1.5331628432885438
C=C(C)NNc1cc2c3c(c1)C1C=CCC1CN3CC1CC=CC21,-21.260937108652712,140,0.6145833333333334,-1.5331628432885438
C=C1NNC2C=C2N1CCC1C=CC2c3cc(NC(=O)c4ccc(C)cc4)cc4c3N(CC3CC=CC43)CC12,-21.26917522542453,497,0.6048387096774194,-1.5414009600603613
O=NC(=O)Nc1cc2c3c(c1)C1C=CCC1CN3CC1CC=CC21,-21.273572433843604,75,0.6666666666666666,-1.5457981684794362
O=C(Nc1cc2c3c(c1)C1C=CCC1CN3CC1CC=CC21)N1C2=C1N=CCC2,-21.281990028571766,47,0.6132075471698113,-1.5542157632075977
C=C1CC2CC1(C13C=CCC1CN1CC4CC=CC4c4cc(NC(=O)c5ccc(C)cc5)cc3c41)O2,-21.28238899519897,73,0.6153846153846154,-1.5546147298348032
C=C1COC(C23C=CCC2CN2CC4CC=CC4c4cc(NC(=O)c5ccc(C)cc5)cc3c42)NO1,-21.297032608018892,105,0.6101694915254238,-1.5692583426547237
Cc1ccc(C(=O)Nc2cc3c4c(c2)C2C=CCC2C(N(C)SC(N)N)N4CC2CC=CC32)cc1,-21.306062675639982,99,0.6666666666666666,-1.578288410275814
Cc1ccc(C(=O)Nc2cc3c4c(c2)C2C(N5NCC(=N)C5=N)=CCC2CN4CC2CC=CC32)cc1,-21.314672287273773,176,0.6578947368421053,-1.5868980219096045
O=NOC(=O)Nc1cc2c3c(c1)C1C=CCC1CN3CC1CC=CC21,-21.374549180021486,139,0.6458333333333334,-1.6467749146573176
O=C(Nc1cc2c3c(c1)C1C=CCC1CN3CC1CC=CC21)C1=NC=CC1,-21.396464858541332,13,0.6836734693877551,-1.668690593177164
Cc1ccc(C(=O)N(c2cc3c4c(c2)C2C=CCC2CN4CC2CC=CC32)N2CNC2=N)cc1,-21.40799287864113,174,0.6880733944954128,-1.6802186132769634
Cc1ccc(C(=O)Nc2cc3c4c(c2)C2C=CC(CCN5CCOON5)C2CN4CC2CC=CC32)cc1,-21.413570913944866,448,0.6440677966101694,-1.6857966485806983
C1=CC2c3cc(NC4=CC=N4)cc4c3N(CC2C1)CC1CC=CC41,-21.451544072078796,76,0.625,-1.7237698067146283
N=NNc1cc2c3c(c1)C1C=CCC1CN3CC1CC=CC21,-21.51782602916948,76,0.6129032258064516,-1.7900517638053124
NC(=O)Nc1cc2c3c(c1)C1C=CCC1CN3CC1CC=CC21,-21.562584894791044,14,0.6888888888888889,-1.834810629426876
O=C(Nc1cc2c3c(c1)C1C=CCC1CN3CC1CC=CC21)C1=CN=NC1,-21.564172164907465,13,0.6666666666666666,-1.8363978995432966
Cc1ccc(C(=O)N(c2cc3c4c(c2)C2C=CCC2CN4CC2CC=CC32)N2CCOC2N)cc1,-21.581519403345368,134,0.6696428571428571,-1.8537451379811998
O=NNC(=O)Nc1cc2c3c(c1)C1C=CCC1CN3CC1CC=CC21,-21.584499843372196,139,0.6458333333333334,-1.856725578008028
O=C=[SH](=O)Cc1ccc(C(=O)Nc2cc3c4c(c2)C2C=CCC2CN4CC2CC=CC32)cc1,-21.60559762727376,10,0.7745098039215687,-1.8778233619095914
CC1=CNCN1C(=O)Nc1cc2c3c(c1)C1C=CCC1CN3CC1CC=CC21,-21.607949068504986,179,0.6534653465346535,-1.880174803140818
CON(N)NC1C2CC=CC2c2cc(NC(=O)c3ccc(C)cc3)cc3c2N1CC1CC=CC31,-21.611685395816483,170,0.6788990825688074,-1.883911130452315
Cc1ccc(C(=O)Nc2cc3c4c(c2)C2C=CC(CN5COON5)C2CN4CC2CC=CC32)cc1,-21.65278586440681,404,0.6785714285714286,-1.9250115990426409
CC(=O)NNc1cc2c3c(c1)C1C=CCC1CN3CC1CC=CC21,-21.73138068205444,180,0.648936170212766,-2.003606416690271
CC(=O)NNc1cc2c3c(c1)C1C=CCC1CN3CC1CC=CC21,-21.73138068205444,180,0.648936170212766,-2.003606416690271
Cc1ccc(C(=O)Nc2cc3c4c(c2)C2C=CCC2CN4CC2CC=CC32)cc1OO[SH](=O)=S=O,-21.769179655441533,28,0.6909090909090909,-2.041405390077365
Cc1ccc(C(=O)Nc2cc3c4c(c2)C2C=CC(N5CCNCN5)C2CN4CC2CC=CC32)cc1,-21.773001835493357,412,0.6785714285714286,-2.045227570129189
O=CNC(=O)Nc1cc2c3c(c1)C1C=CCC1CN3CC1CC=CC21,-21.93793510699659,75,0.6458333333333334,-2.2101608416324225
O=C(Nc1cc2c3c(c1)C1C=CCC1CN3CC1CC=CC21)[SH]1=CC=CN=C1,-21.985135419866644,13,0.6470588235294118,-2.257361154502476
N=C1CN(C(=O)Nc2cc3c4c(c2)C2C=CCC2CN4CC2CC=CC32)C=N1,-22.018953363343165,179,0.6213592233009708,-2.291179097978997
Nc1ccn(Nc2cc3c4c(c2)C2C=CCC2CN4CC2CC=CC32)n1,-22.02827923896046,76,0.6039603960396039,-2.3005049735962935
O=C(NNO)Nc1cc2c3c(c1)C1C=CCC1CN3CC1CC=CC21,-22.199447559941333,75,0.6458333333333334,-2.4716732945771653
NN(CNN1CN1)Cc1ccc(C(=O)Nc2cc3c4c(c2)C2C=CCC2CN4CC2CC=CC32)cc1,-22.342870387844286,66,0.7117117117117117,-2.615096122480118
