SMILES,Reward,Imp,MW,step,Sim,SA
C(c1([C@@H]2C[C@@H]2C)([C@@H]))c([C@@H])c(-c2ncc(-c3c(C)(-c4nn[nH]n4)c3)o2)cc1,0.9192338020439232,0.2580476186243167,,-1953,0.1794871794871795,5.512305765225019
C(c1([C@@H]2C[C@@H]2C)([C@@H]))c(\[C@@H])c(-c2(/[C@@H])cc(-c3c(C)(-c4nn[nH]n4)c3)o2)cc1,0.9116057157736368,0.2504195323540301,,1959,0.10569105691056913,6.059839563125954
C(c1([C@@H]2C[C@@H]2([C@@H](C)))([C@@H]))c(\[C@@H])c(-c2ncc(-c3c(C)(-c4nn[nH]n4)c3)o2)cc1,0.8843137208612503,0.2231275374416437,,1910,0.17355371900826447,5.782372940868712
C(c1([C@@H](C)(C(C)C))([C@@H]))c(\[C@@H])c(-c2ncc(-c3c(C)(-c4nn[nH]n4)c3)o2)cc1,0.8717938707696073,0.2106076873500008,,1969,0.19658119658119655,5.3284588729075075
C(c1([C@@H]2C[C@@H]2C)([C@@H]))c(\[C@@H])c(-c2ncc(-c3c(C)(-c4nn[nH](N/C)n4)c3)o2)cc1,0.8664841744060965,0.20529799098648996,,1972,0.18181818181818185,5.771352402737387
C(c1([C@@H]2C[C@@H]2C)([C@@H]))c(\[C@@H])c(-c2ncc(-c3c(C)(-c4nn[nH]n4)c3)o2)cc(OC)1,0.8624072406932136,0.20122105727360706,,1919,0.1721311475409836,5.495551219305434
C(c1([C@@H]2C[C@@H]2C)([C@@H]))c(\[C@@H])c(-c2(C=C[C@@H])cc(-c3c(C)(-c4nn[nH]n4)c3)o2)cc1,0.8594935704625514,0.1983073870429448,,1976,0.1007751937984496,6.252353831407648
C(c1([C@@H]2C[C@@H]2C)([C@@H]))c(\[C@@H])c(-c2ncc(-c3c(C)(-c4nn[nH]n4)c(\CC)3)o2)cc1,0.85328444376085,0.19209826034124344,,1917,0.19166666666666668,5.476374296228512
C(c1([NH+]2CCCC2)([C@@H]))c(\[C@@H])c(-c2ncc(-c3c(C)(-c4nn[nH]n4)c3)o2)cc1,0.8517586700932221,0.1905724866736156,,1912,0.16260162601626016,5.786324030503116
C(c1([C@@H]2C[C@@H]2C)([C@@H]))(C)=C(C)c(\[C@@H])c(-c2ncc(-c3c(C)(-c4nn[nH]n4)c3)o2)cc1,0.8501450051814493,0.18895882176184275,,1923,0.1885245901639344,5.48350377367879
C(c1([NH+]/C)([C@@H]))c(\[C@@H])c(-c2ncc(-c3c(C)(-c4nn[nH]n4)c3)o2)cc1,0.8497267389639751,0.18854055554436852,,1987,0.1875,5.592176939484212
C(c1([C@@H]2C[C@@H]2C)([C@@H]))c(\[C@@H])c(-c2ncc(-c3c(C)(n4nncc4)c3)o2)cc1,0.8450591756150486,0.18387299219544206,,1908,0.2,5.568674785246094
C(c1([C@@H]2C[C@@H]2C)([C@@H]))c(\[C@@H])c(-c2ncc(-c3c(C)(-c4n(C(=O)[C@](C))[nH]n4)c3)o2)cc1,0.8402015579500428,0.17901537453043626,,1961,0.17886178861788618,5.914731850601866
C(c1([C@@H]2C[C@@H]2C)([C@@H]))c(/C=C/[C@@])(-c2ncc(-c3c(C)(-c4nn[nH]n4)c3)o2)cc1,0.8301130434353573,0.16892686001575075,,1934,0.13709677419354838,6.002982146579746
C(c1([C@@H](N2C(=O)Nc2))([C@@H]))c(\[C@@H])c(-c2ncc(-c3c(C)(-c4nn[nH]n4)c3)o2)cc1,0.8252501503099537,0.1640639668903472,,1989,0.16,5.545912166582196
C(c1(C(C)C[C@](O))([C@@H]))c(\[C@@H])c(-c2ncc(-c3c(C)(-c4nn[nH]n4)c3)o2)cc1,0.8198232899574387,0.15863710653783214,,1912,0.18487394957983194,5.685024613798197
C(c1([C@@H]2C[C@@H]2C)([C@@H]))c(\[C@@H])c(-c2(/C(=O))cc(-c3c(C)(-c4nn[nH]n4)c3)o2)cc1,0.8164755256873518,0.15528934226774527,,1959,0.10317460317460317,5.995749106859865
C(c1([C@@H]2C[C@@H]2C)([C@@H]))c(\[C@@H])c(-c2nc(O[C@])(-c3c(C)(-c4nn[nH]n4)c3)o2)cc1,0.815002993896951,0.1538168104773444,,1954,0.09448818897637797,6.181560749271507
C(c1([C@@H]2C[C@@H]2C)([C@@H]))c(\[C@@H])c(-c2(/S)cc(-c3c(C)(-c4nn[nH]n4)c3)o2)cc1,0.8052115572767021,0.14402537385709555,,1959,0.10569105691056913,6.01815093907395
C(c1([NH+](CC(F)F))([C@@H]))c(\[C@@H])c(-c2ncc(-c3c(C)(-c4nn[nH]n4)c3)o2)cc1,0.7918934124794664,0.13070722905985988,,1987,0.175,5.655023205215043
C(c1([C@@H]2C[C@@H]2C)([C@@H]))c(\[C@@H])c(-c2ncc(-c3c(C)(-c4nn([C@@H]5NC(=O)[C@@H](C)C5)4)c3)o2)cc1,0.7915797033431679,0.1303935199235614,,1935,0.17054263565891473,5.954975408380635
C(c1([C@@H]2C[C@@H]2C)([C@@H]))c(\[C@@H])c(-c2ncc(-c3c(C)(-c4nn[nH]n4)c3([NH+](CC)))o2)cc1,0.7892400528801318,0.12805386946052522,,1962,0.1869918699186992,5.893028517268534
C(c1([C@@H]2C[C@@H]2C)([C@@H]))c(\[C@@H])c(-c2ncc(-c3c(C(O)[C@@H](C))(-c4nn[nH]n4)c3)o2)cc1,0.7891417903065141,0.12795560688690746,,1996,0.168,5.850477763932766
C(c1([C@@H]2C[C@@H]2C)(COC[C@H]))c(\[C@@H])c(-c2ncc(-c3c(C)(-c4nn[nH]n4)c3)o2)cc1,0.7811481469075028,0.11996196348789626,,1960,0.17600000000000002,5.695925640470534
C(c1([C@@H]2C[C@@H]2C)([C@@H]))c(\[C@@H])c(-c2ncc(-c3c(C)(-c4nn(NS)4)c3)o2)cc1,0.7798243737354149,0.11863819031580836,,1935,0.1810344827586207,5.971522572390455
C(c1([C@@H]2C[C@@H]2C)([C@@H]))([C@H]2CCC[C@H]2)c(\[C@@H])c(-c2ncc(-c3c(C)(-c4nn[nH]n4)c3)o2)cc1,0.7791245562719391,0.11793837285233245,,1923,0.16793893129770993,5.846049940824935
C(c1([C@@H]2C[C@@H]2C)([C@@H]))c(\[C@@H])c(-c2ncc(-c3c(C)(-c4n(C[C@H](C[NH3+])C)n4)c3)o2)cc1,0.7773620984698195,0.11617591505021295,,1997,0.1885245901639344,6.126647229744732
C(c1([C@@H]2C[C@@H]2C)([C@@H]))(=O)N(C(=O)[C@H](C))c(\[C@@H])c(-c2ncc(-c3c(C)(-c4nn[nH]n4)c3)o2)cc1,0.7755852129774259,0.11439902955781933,,1923,0.16793893129770993,5.616570909238815
C(c1([C@@H]2C(=O)NCC(=O)[C@@H]2C)([C@@H]))c(\[C@@H])c(-c2ncc(-c3c(C)(-c4nn[nH]n4)c3)o2)cc1,0.7752426140882889,0.11405643066868232,,1956,0.16030534351145034,5.60130885549471
C(c1([C@@H]2C[C@@H]2C)([C@@H]))c(\[C@@H])c(-c2ncc(-c3c(C)(-c4n(C)C[C@H](C)n4)c3)o2)cc1,0.7751636942252615,0.113977510805655,,1997,0.19327731092436976,5.760114071167887
C(c1([C@@H]2C[C@@H]2C)([C@@H]))c(\[C@@H])c(-c2ncc(-c3c(C)(-c4nn[nH]n4)c3)o2)c([C@@H](C)N(C)C)c1,0.7740171376058921,0.11283095418628553,,1940,0.171875,5.632666792368891
C(c1([C@@H]2C[C@@H]2C)([C@@H]))c(\[C@@H])c(-c2ncc(-c3c(C)(-c4nn[nH]n4)c([C@@H]4CC(=O)/CC4)3)o2)cc1,0.7727771256846168,0.1115909422650102,,1984,0.14814814814814814,5.575295781388674
C(c1([C@@H]2C[C@@H]2C)([C@@H]))c([C@@H]2CCCCN2)c(-c2ncc(-c3c(C)(-c4nn[nH]n4)c3)o2)cc1,0.7711537851448954,0.10996760172528884,,1916,0.15789473684210525,5.356821683822448
C(c1([C@@H]2C[C@@H]2C)([C@@H]))c(\[C@@H])c(-c2nc([C@H]([NH3+]))(-c3c(C)(-c4nn[nH]n4)c3)o2)cc1,0.7693106845605467,0.1081245011409402,,1911,0.09448818897637797,6.221694013304771
C(c1([C@@H](/C=C/C(=O)[C@@H])C)([C@@H]))c(\[C@@H])c(-c2ncc(-c3c(C)(-c4nn[nH]n4)c3)o2)cc1,0.7674205803931866,0.10623439697358006,,1938,0.168,5.700633456522336
C(c1([C@@H]2C[C@@H]2C)([C@@H]))c(\[C@@H])c(-c2ncc(-c3c(C)(-c4nn[nH]n4)c3([C@H]3CC[C@H]3C))o2)cc1,0.7659091964030658,0.1047230129834592,,1988,0.16030534351145034,5.667915843887389
C(CC(C)(C))(c1([C@@H]2C[C@@H]2C)([C@@H]))c(\[C@@H])c(-c2ncc(-c3c(C)(-c4nn[nH]n4)c3)o2)cc1,0.765451956772811,0.10426577335320443,,1971,0.1935483870967742,5.574263993881067
C(c1([C@@H]2C(=N/S(=O)(=O)C)[C@@H]2C)([C@@H]))c(\[C@@H])c(-c2ncc(-c3c(C)(-c4nn[nH]n4)c3)o2)cc1,0.7618624072602806,0.1006762238406741,,1943,0.17054263565891473,5.691574693505936
C(c1([C@@H](OC2CCCC[C@H]2)C)([C@@H]))c(\[C@@H])c(-c2ncc(-c3c(C)(-c4nn[nH]n4)c3)o2)cc1,0.7584304835947159,0.09724430017510943,,1955,0.16666666666666666,5.684363640461777
C(c1([C@@H]2C[C@@H]2C)([C@@H]))c(\[C@@H])c(-c2ncc(-c3c(CC[C@@H]([NH3+]))(-c4nn[nH]n4)c3)o2)cc1,0.7574734370266554,0.09628725360704883,,1994,0.16666666666666666,5.958718886249146
C(c1([C@@H]2C[C@@H]2C)(CN[C@@H]))c(\[C@@H])c(-c2ncc(-c3c(C)(-c4nn[nH]n4)c3)o2)cc1,0.7555464486968995,0.09436026527729292,,1960,0.18032786885245905,5.655308173840675
C(c1([C@@H](C(C)(C)OC(=O)N))([C@@H]))c(\[C@@H])c(-c2ncc(-c3c(C)(-c4nn[nH]n4)c3)o2)cc1,0.7547057703557549,0.09351958693614837,,1969,0.2032520325203252,5.350501979495536
C(c1([C@@H]2C[C@@H]2C(N2CCOC[C@H]2))([C@@H]))c(\[C@@H])c(-c2ncc(-c3c(C)(-c4nn[nH]n4)c3)o2)cc1,0.7547046488461571,0.0935184654265504,,1937,0.16176470588235295,5.838244279417025
C(c1([C@@H]2C[C@@H]2C)([C@@H]))c(\[C@@H])c(-c2ncc(-c3c([C@H]4CCCC[C@H]4N)(-c4nn[nH]n4)c3)o2)cc1,0.7498070333849849,0.08862084996537832,,1909,0.14705882352941174,5.638193855281273
C(c1([C@@H](CC(C)=N)C)([C@@H]))c(\[C@@H])c(-c2ncc(-c3c(C)(-c4nn[nH]n4)c3)o2)cc1,0.7497748974980748,0.08858871407846823,,1985,0.19166666666666668,5.5386326214126225
C(c1([C@@H]2C[C@@H]2C)([C@@H]))c(\[C@@H])(O)OCC(C)(-c2ncc(-c3c(C)(-c4nn[nH]n4)c3)o2)cc1,0.7495339023041575,0.08834771888455095,,1974,0.13846153846153847,5.945270577484529
C(c1([C@@H](C)C[C@@H]([NH3+])C(C)(C)C)([C@@H]))c(\[C@@H])c(-c2ncc(-c3c(C)(-c4nn[nH]n4)c3)o2)cc1,0.7463871142813773,0.08520093086177072,,1985,0.2295081967213115,5.833434297841411
C(c1([C@@H]2C[C@@H]2C)([C@@H]))c(\[C@@H])c(-c2(C[C@@H]3CCCN3C)cc(-c3c(C)(-c4nn[nH]n4)c3)o2)cc1,0.7439207714938451,0.0827345880742385,,1903,0.1079136690647482,5.872391007826222
C(c1([C@@H]2C[C@@H]2C)([C@@H]))([C@H]2CCCC[NH2+][C@H]2)c(\[C@@H])c(-c2ncc(-c3c(C)(-c4nn[nH]n4)c3)o2)cc1,0.7417733665137859,0.08058718309417945,,1981,0.1605839416058394,6.165227529607712
C(c1([C@@H]2C[C@@H]2C)([C@H]2CCC[C@@H]2C))c(\[C@@H])c(-c2ncc(-c3c(C)(-c4nn[nH]n4)c3)o2)cc1,0.7393586414397202,0.07817245802011362,,1914,0.16793893129770993,5.431236479286474
C(c1([C@@H]2C[C@@H]2C)([C@@H]))c(\[C@@H])c(-c2ncc(-c3c(C)(-c4nn[nH]n4)c3)o2)cc(\C(=S)N)1,0.7379150913435737,0.07672890792396714,,1979,0.16,5.575362619832635
C(c1([C@@H]2C[C@@H]2C)([C@@H]))c(\[C@@H])c(-c2ncc(-c3c(C)(c4cc(N)ccc4)c3)o2)cc1,0.7362535664814208,0.07506738306181426,,1908,0.2327586206896552,5.186034651258097
C(c1([C@@H]2C[C@@H]2C)([C@@H]))c(\[C@@H])c(-c2ncc(-c3c(C)(C(C)N[C@H](n4cccn4))c3)o2)cc1,0.7333124833863075,0.07212629996670095,,1908,0.20161290322580644,5.882497192610049
C(c1([C@@H]2C[C@@H]2C)([C@@H]))c(\[C@@H])c(-c2ncc(-c3c(C)(-c4nn[nH](C)CCNC(=O)[C@](C)n4)c3)o2)cc1,0.7316928892084997,0.07050670578889318,,1998,0.16911764705882354,6.25772413661287
C(c1([C@@H]2C[C@@H]2C)([C@@H]))c(\[C@@H])c(-c2ncc(-c3c(C)(-c4n(CC(=O)N5CCC[C@@H]5)[nH]n4)c3)o2)cc1,0.7299665886784389,0.06878040525883232,,1961,0.17037037037037034,5.827289339243029
C(c1([C@@H]2C[C@@H]2C)([C@@H]))c(\[C@@H])c(-c2ncc(-c3c(C)(-c4n(O[C@H]5CCCCN5)[nH]n4)c3)o2)cc1,0.7259731849998542,0.06478700158024764,,1980,0.15555555555555556,5.906852484685378
C(c1([C@@H]2C[C@@H]2C)([C@@H]))c(\[C@@H])c(-c2ncc(-c3c(C)(-c4n(CNC(=O)[C@](C))[nH]n4)c3)o2)cc1,0.7243357710160381,0.06314958759643152,,1922,0.1796875,5.921208324990731
C(c1([C@@H](NCC(C)C[C@@H]))([C@@H]))c(\[C@@H])c(-c2ncc(-c3c(C)(-c4nn[nH]n4)c3)o2)cc1,0.7228296574389302,0.061643474019323685,,1989,0.17600000000000002,5.835687010827109
C(c1([C@@H]2C[C@@H]2C)([C@@H]))c(\[C@@H])c(-c2ncc(-c3c(CNC(=O)[C@@H](C))(-c4nn[nH]n4)c3)o2)cc1,0.7194665292829103,0.05828034586330377,,1994,0.16923076923076924,5.655641481489405
C(c1([C@@H]2C[C@@H]2C)([C@@H]))c(\[C@@H])c(-c2ncc(-c3c(C)(-c4nn[nH]n4)c3)o2)cc([C@@H]2OCCN2C(=O)[O-])1,0.7141923335201997,0.053006150100593175,,1945,0.14285714285714285,5.862108086881341
C(c1([C@@H]2C[C@@H]2C)([C@@H]))c(\[C@@H])c(-c2ncc(-c3c(C)(-c4nn[nH]n4)c3)o2)cc([C@@H](C)N[C@H](C))1,0.7135582940252173,0.05237211060561076,,1945,0.17054263565891473,5.868811696083506
C(c1([C@@H]2C[C@@H]2([C@@H](C)C[C@H](O)C))([C@@H]))c(\[C@@H])c(-c2ncc(-c3c(C)(-c4nn[nH]n4)c3)o2)cc1,0.7122687178231247,0.051082534403518176,,1944,0.17829457364341084,5.824219822667231
C(c1([C@@H]2C[C@@H]2C)([C@@H]))(N2CCCCC[C@@H]2C)c(\[C@@H])c(-c2ncc(-c3c(C)(-c4nn[nH]n4)c3)o2)cc1,0.7099141505009791,0.0487279670813725,,1948,0.15827338129496402,5.5325947247504494
C(c1([C@@H]2C[C@@H]2C)([C@@H]))c(\[C@@H])c(-c2ncc(-c3c(C)(-c4nn[nH]n4)c3([NH+]=C3\N(C)COc3))o2)cc1,0.7098329749895911,0.048646791569984534,,1962,0.15328467153284672,6.023277924850969
C(c1([C@@H]2C[C@@H]2C)([C@@H]))c(/C(=O)[C@H](CC#N))(-c2ncc(-c3c(C)(-c4nn[nH]n4)c3)o2)cc1,0.7079886981209537,0.046802514701347116,,1950,0.13740458015267176,5.828759280522137
C(c1([C@@H]2C[C@@H]2C)([C@@H]))c(\[C@@H])c(-c2ncc(-c3c(C)(-c4nn[nH]n4)c3([NH+]3CCSCN3C))o2)cc1,0.7034375505251107,0.04225136710550415,,1962,0.15328467153284672,6.216027640222122
C(c1([C@@H](C[C@H](C(=O)N2CCCC2))C)([C@@H]))c(\[C@@H])c(-c2ncc(-c3c(C)(-c4nn[nH]n4)c3)o2)cc1,0.7027275810162088,0.04154139759660225,,1985,0.1605839416058394,5.331147350902958
C(c1([C@@H]2C[C@@H]2C)([C@@H]))c(\[C@@H])c(-c2ncc(-c3c(C)(-c4nn[nH]n4)c3(C(=O)NC(=O)[C@@H](C)))o2)cc1,0.702388743090874,0.0412025596712674,,1936,0.15555555555555556,5.587878295696006
C(c1([C@@H]2C[C@@H]2C)([C@@H]))c(\[C@@H])c(-c2nc(S(=O)(=O)C/C)(-c3c(C)(-c4nn[nH]n4)c3)o2)cc1,0.7000840739321188,0.03889789051251225,,1911,0.11450381679389313,5.848683456346313
C(c1([C@@H](c2NC(=O)CS2=C)C)([C@@H]))c(\[C@@H])c(-c2ncc(-c3c(C)(-c4nn[nH]n4)c3)o2)cc1,0.6998670579981601,0.03868087457855352,,1938,0.16030534351145034,6.107485541003623
C(c1([C@@H]2C[C@@H]2C)([C@@H]))c(\[C@@H])c(-c2ncc(-c3c(C)(-c4nn([C@H]5CCC[C@H]5)4)c3)o2)cc1,0.6968593585390227,0.035673175119416145,,1935,0.17600000000000002,5.906828941752236
C(c1([C@@H]2C[C@@H]2C)(CC(=O)N[C@](C)(C)C))c(\[C@@H])c(-c2ncc(-c3c(C)(-c4nn[nH]n4)c3)o2)cc1,0.6961141307977543,0.03492794737814775,,1960,0.21875,5.262455641427198
C(c1([C@@H]2C[C@@H]2C)([C@@H]))c(\[C@@H]([C@H]2CC[C@H]2NC))c(-c2ncc(-c3c(C)(-c4nn[nH]n4)c3)o2)cc1,0.6952796027559134,0.03409341933630683,,1926,0.16417910447761194,5.73809918072506
C(c1([C@@H]2C[C@@H]2C)([C@@H]))c(\[C@@H])c(-c2ncc(-c3c(C(C=CC[NH2+]))(-c4nn[nH]n4)c3)o2)cc1,0.6937805922228623,0.0325944088032557,,1968,0.16279069767441862,5.978362455031502
C(c1([C@@H]2C[C@@H]2C)([C@@H]))c(\[C@@H])c(-c2ncc(-c3c(C=C(C4CCCC4)N)(-c4nn[nH]n4)c3)o2)cc1,0.6922579782968384,0.03107179487723188,,1994,0.14388489208633093,5.5424549957553575
C(c1([C@@H]2C[C@@H]2C)([C@@H](c2CNC(=O)[C@H](C)c2)))c(\[C@@H])c(-c2ncc(-c3c(C)(-c4nn[nH]n4)c3)o2)cc1,0.6899157730079223,0.028729589588315733,,1930,0.16666666666666666,5.866484746800369
C(c1([C@@H](C\NC(=O)N)C)([C@@H]))c(\[C@@H])c(-c2ncc(-c3c(C)(-c4nn[nH]n4)c3)o2)cc1,0.6887098321354598,0.027523648715853218,,1985,0.1774193548387097,5.370122345411225
C(C(CC)[C@H](O)C)(c1([C@@H]2C[C@@H]2C)([C@@H]))c(\[C@@H])c(-c2ncc(-c3c(C)(-c4nn[nH]n4)c3)o2)cc1,0.6883339294556611,0.027147746036054517,,1971,0.1953125,5.858563262846319
C(c1([C@@H]2C[C@@H]2C)([C@@H]))c(\[C@@H])c(-c2nc([C@H]3CC[C@H]3SC)(-c3c(C)(-c4nn[nH]n4)c3)o2)cc1,0.6868559827183508,0.025669799298744245,,1978,0.09420289855072464,6.0803202508864125
C(c1([C@@H]2C[C@@H]2C)([C@@H]))c(\[C@@H])c(-c2ncc(-c3c(C)(-c4nn[nH]n4)c(O[C@H](C)C(=O)N)3)o2)cc1,0.6867325300146444,0.02554634659503785,,1946,0.1590909090909091,5.572723438731331
C(c1([C@@H]2C[C@@H]2C)([C@@H]))c(\[C@@H])c(-c2ncc(-c3c(C)(NCC(=O)N(C)C(=S)N)c3)o2)cc1,0.6860649372422871,0.02487875382268057,,1908,0.1869918699186992,5.622087201135071
C(c1([C@@H]2C[C@@H]2C)([C@@H]))c(\[C@@H])c(-c2nc(NC(=O)CC(C))c(-c3c(C)(-c4nn[nH]n4)c3)o2)cc1,0.6855061402084673,0.024319956788860786,,1965,0.12408759124087593,5.364764635175801
C(c1([C@@H]2C[C@@H]2C)([C@@H]))c(\[C@@H](N2C[C@@H](O)CCCC2))c(-c2ncc(-c3c(C)(-c4nn[nH]n4)c3)o2)cc1,0.6798694994783441,0.01868331605873752,,1926,0.14893617021276595,5.5331162892270145
C(c1([C@@H]2C[C@@H]2C)([C@@H]))c(\[C@@H](S/C2CC(=O)c2))c(-c2ncc(-c3c(C)(-c4nn[nH]n4)c3)o2)cc1,0.6793396977909361,0.018153514371329504,,1963,0.15671641791044774,5.602938671476578
C(c1([C@@H]2C[C@@H]2C)([C@@H]))c(\[C@@H])c(-c2ncc(-c3c(C)(-c4n(CC(C(=O)O)[C@@H](C))n4)c3)o2)cc1,0.6790967475469197,0.017910564127313178,,1997,0.1811023622047244,5.906851588748982
C(c1([C@@H]2C(=C3C[C@H]4C[C@@H]3CC4)[C@@H]2C)([C@@H]))c(\[C@@H])c(-c2ncc(-c3c(C)(-c4nn[nH]n4)c3)o2)cc1,0.6774285219603216,0.016242338540714996,,1956,0.1510791366906475,6.517958935272615
C(c1([C@@H]2C[C@@H]2C(CC(=O)N/C(=O)[C@@H]))([C@@H]))c(\[C@@H])c(-c2ncc(-c3c(C)(-c4nn[nH]n4)c3)o2)cc1,0.6741919906305939,0.01300580721098732,,1937,0.15328467153284672,5.6753151456946425
C(c1([NH+]2CCCc3ccccc23)([C@@H]))c(\[C@@H])c(-c2ncc(-c3c(C)(-c4nn[nH]n4)c3)o2)cc1,0.6738705896455705,0.012684406225963896,,1987,0.19696969696969696,5.609987735351279
C(c1([C@@H]2C[C@@H]2C)([C@@H]))c(\[C@@H])c(-c2nc([C@H](C#N)C(=O)N)(-c3c(C)(-c4nn[nH]n4)c3)o2)cc1,0.6735814910870551,0.012395307667448565,,1978,0.08759124087591241,6.0371592315342255
C(c1([C@@H]2C[C@@H]2C)([C@@H]))c(\[C@@H])c(-c2nc(N3C(=O)[C@H]3CO)c(-c3c(C)(-c4nn[nH]n4)c3)o2)cc1,0.6727850562666103,0.011598872847003784,,1901,0.1079136690647482,5.7560916500144295
C(c1([C@@H]2C[C@@H]2C)([C@@H]))c(/Cl)(-c2ncc(-c3c(C)(-c4nn[nH]n4)c3)o2)cc1,0.6719688342687926,0.01078265084918606,,1950,0.1440677966101695,5.645245714729819
C(c1([C@@H]2C[C@@H]2C)([C@@H]))(c2ccsc2)(-c2ncc(-c3c(C)(-c4nn[nH]n4)c3)o2)cc1,0.6712588522441276,0.010072668824521071,,1907,0.17886178861788618,5.492081775963092
C(c1([C@@H]2C[C@@H]2C)([C@H]2CCCCS[C@H]2))c(\[C@@H])c(-c2ncc(-c3c(C)(-c4nn[nH]n4)c3)o2)cc1,0.6708072339621279,0.00962105054252138,,1986,0.16296296296296298,5.691005781388673
C(c1([C@@H]2C[C@@H]2C)([C@@H]))c(\[C@@H])c(-c2ncc(-c3c(C)(-c4n(NC(=O)NC[C@H]5CCO5)n4)c3)o2)cc1,0.6704548098674202,0.009268626447813677,,1967,0.16296296296296298,5.653779900444369
C(c1([C@@H]2C[C@@H]2C)([C@@H]))c(\[C@@H])c(-c2ncc(-c3c(C)(-c4nn[nH](C[C@@H]5CCC[C@@H]5)n4)c3)o2)cc1,0.6636766587337662,0.0024904753141596907,,1998,0.17293233082706766,5.826229830416569
C(c1([C@@H]2C[C@@H]2C)([C@@H]))c(\[C@@H])c(-c2ncc(-c3c(C)(-c4nn[nH](CN5S(=O)(=O)N5)n4)c3)o2)cc1,0.6633405159401129,0.0021543325205064523,,1998,0.16793893129770993,5.8304766784695845
C(c1([C@@H]2C[C@@H]2C)([C@@H]))c([C@@H]2CCC[NH2+][C@H]2O)c(-c2ncc(-c3c(C)(-c4nn[nH]n4)c3)o2)cc1,0.6630175319658905,0.0018313485462839731,,1953,0.15555555555555556,6.032375596616861
C(c1([C@@H]2C[C@@H]2C)([C@@H]))c(\[C@@H])c(-c2nc(NC(=O)CCC)(-c3c(C)(-c4nn[nH]n4)c3)o2)cc1,0.6626278806403041,0.0014416972206975356,,1911,0.1111111111111111,5.696080548025
C(c1([C@@H]2C[C@@H]2C)([C@@H]))c(\[C@@H])c(-c2ncc(-c3c(C)(-c4n(N5CCCS5)n4)c3)o2)cc1,0.6626215124012328,0.0014353289816262382,,1967,0.16666666666666666,5.955275921896426
C(c1(\Cc2ccccc2OC)([C@@H]))c(\[C@@H])c(-c2ncc(-c3c(C)(-c4nn[nH]n4)c3)o2)cc1,0.6613416531846269,0.00015546976502034404,,1947,0.2222222222222222,4.768592424484764
C(c1([C@@H]2C[C@@H]2C)([C@@H]))c(\[C@@H])c(-c2ncc(-c3c(C)(-c4nn[nH](NC(=O)[C@H](C)S)n4)c3)o2)cc1,0.6588602035627734,-0.002325979856833138,,1972,0.16793893129770993,5.890650012157906
C(c1([C@@H]2C(-c3nnoc3C)[C@@H]2C)([C@@H]))c(\[C@@H])c(-c2ncc(-c3c(C)(-c4nn[nH]n4)c3)o2)cc1,0.6578183651362305,-0.0033678182833760677,,1943,0.16417910447761194,5.878034226020964
C(c1([C@@H]2C[C@@H]2C)([C@@H]))c(\[C@@H])c(-c2ncc(-c3c(C(C[C@@H](c4)NCc4))(-c4nn[nH]n4)c3)o2)cc1,0.6573469688698625,-0.0038392145497440078,,1968,0.17164179104477612,5.9326527713552295
C(c1([C@@H](CC(CC)[S@]C)C)([C@@H]))c(\[C@@H])c(-c2ncc(-c3c(C)(-c4nn[nH]n4)c3)o2)cc1,0.6573136278812497,-0.0038725555383568593,,1938,0.20161290322580644,5.665848983796854
C(c1([C@@H]2C[C@@H]2C)([C@@H]))c(\[C@@H])c(-c2ncc(-c3c(C(CS(=O)(=O)))(-c4nn[nH]n4)c3)o2)cc1,0.656808548857832,-0.004377634561774535,,1968,0.1640625,5.918144038741909
C(c1([C@@H]2C[C@@H]2C)([C@@H]))c(\[C@@H])c(-c2(C[C@@H](C)N3C(=O)[C@H]3C)cc(-c3c(C)(-c4nn[nH]n4)c3)o2)cc1,0.6534305167943569,-0.007755666625249623,,1976,0.11594202898550725,6.072842738709351
C(c1([C@@H]2C[C@@H]2C)([C@@H](N)[C@@H]([C@H](O))))c(\[C@@H])c(-c2ncc(-c3c(C)(-c4nn[nH]n4)c3)o2)cc1,0.6473058131416488,-0.013880370277957743,,1930,0.1640625,5.852960379423235
C(c1([C@@H]2C[C@@H]2C)([C@@H]))c(\[C@@H])c(-c2nc(Oc3c(Cl)cccc3)(-c3c(C)(-c4nn[nH]n4)c3)o2)cc1,0.6411045285405802,-0.02008165487902636,,1954,0.12949640287769784,5.5282991312136005
C(c1([C@@H]2C[C@@H]2C)([C@@H]))c(\[C@@H])c(-c2ncc(-c3c(C(C(C)NC(=O)))(-c4nn[nH]n4)c3)o2)cc1,0.6406080534680032,-0.020578129951603352,,1968,0.16923076923076924,5.788463790340494
C(c1([C@@H]2C[C@@H]2C([C@H]2CCC[NH+]2CCC))([C@@H]))c(\[C@@H])c(-c2ncc(-c3c(C)(-c4nn[nH]n4)c3)o2)cc1,0.6361946729684662,-0.024991510451140345,,1999,0.16428571428571428,6.433590152536949
C(c1([C@@H]2C[C@@H]2C)([C@@H]([C@@H]2C(=O)NC2CC)))c(\[C@@H])c(-c2ncc(-c3c(C)(-c4nn[nH]n4)c3)o2)cc1,0.6354156401395972,-0.025770543280009384,,1930,0.1791044776119403,5.870327165318605
C(c1([C@@H](C[C@@H]2CCCCN2C(=O)NCC))([C@@H]))c(\[C@@H])c(-c2ncc(-c3c(C)(-c4nn[nH]n4)c3)o2)cc1,0.6330522540348533,-0.02813392938475323,,1969,0.1619718309859155,5.253484820012661
C(c1([C@@H]2C[C@@H]2C)([C@@H]))c(\[C@@H])c(-c2ncc(-c3c(C)(-c4nn[nH]n4)c3)o2)c(Cc2nnccc2)c1,0.626218469390648,-0.0349677140289586,,1952,0.1865671641791045,5.4760302821710685
C(c1([C@@H]2C[C@@H]2C)([C@@H]))c(\[C@@H])c(-c2ncc(-c3c(C)(-c4nn[nH]n4)c(c4ncccc4N)3)o2)cc1,0.6224419605254341,-0.03874422289417245,,1917,0.1791044776119403,5.347406957109034
C(c1([C@@H]2C[C@@H]2C)([C@@H]))c(\[C@@H])c(-c2ncc(-c3c(C)(-c4n(-c5ccc(F)cc5)n4)c3)o2)cc1,0.6216854379419938,-0.03950074547761273,,1913,0.23577235772357724,5.204288696343516
C(c1([C@@H]2C[C@@H]2C)([C@@H]))c(\[C@@H])c(-c2ncc(-c3c(C)(-c4n(C[C@@H](C)NC(=O)C(=O)C)n4)c3)o2)cc1,0.6195180528400389,-0.04166813057956753,,1997,0.18320610687022898,5.683496622852396
C(c1([C@@H]2C[C@@H]2C)([C@@H]))c(\[C@@H])c(-c2ncc(-c3c(C)(-c4nn[nH]n4)c3([C@H](C)C[C@H](C)C(=O)N))o2)cc1,0.619406780738797,-0.0417794026808096,,1936,0.17037037037037034,5.7127892967107465
C(c1([C@@H]2C[C@@H]2C)([C@@H]))c(\[C@@H])c(-c2ncc(-c3c(C(OCCCC))(-c4nn[nH]n4)c3)o2)cc1,0.6175476081292529,-0.04363857529035353,,1996,0.17692307692307693,5.397642765550172
C(c1([C@@H]2C[C@@H]2C)([C@@H]))c(\[C@@H])c(-c2ncc(-c3c(C)(-c4nn[nH]n4)c(CC[NH2+][C@H](C)(CC))3)o2)cc1,0.616231443672082,-0.044954739747524515,,1917,0.18045112781954886,6.065034749942696
C(c1([C@@H]2C[C@@H]2C)([C@@H]))c(\[C@@H])c(-c2ncc(-c3c(C)(-c4n(Cc5ncsc5C)n4)c3)o2)cc1,0.6138668375379494,-0.0473193458816572,,1913,0.1875,5.693307794486752
C(c1([C@@H]2C[C@@H]2C)([C@@H]))([NH+]=C)(-c2ncc(-c3c(C)(-c4nn[nH]n4)c3)o2)cc1,0.6107781690904239,-0.050408014329182634,,1907,0.1440677966101695,5.955310549894655
C(c1([C@@H]2C[C@@H]2C)([C@@H]))c(\[C@@H])c(-c2ncc(-c3c(C)(-c4nn[nH]n4)c3([C@H](CCC#N)S[C@H]))o2)cc1,0.610202282622932,-0.05098390079667458,,1988,0.15441176470588236,5.9565967900764765
C(c1([C@@H]2C[C@@H]2C)([C@@H]))c(\[C@@H])c(-c2ncc(-c3c(C)(-c4n(OCC[NH+]CC)[nH]n4)c3)o2)cc1,0.6101155767069282,-0.05107060671267838,,1980,0.1875,6.263981004035824
C(c1([C@@H]2C[C@@H]2C)([C@@H]))c(\[C@@H])c(-c2ncc(-c3c(C)(-c4n(N(Cc5ccc(N)cc5))n4)c3)o2)cc1,0.6100792257495472,-0.05110695767005935,,1913,0.234375,5.378435741228142
C(c1([C@@H]2C[C@@H]2C)([C@@H]))c(\[C@@H])c(-c2ncc(-c3c(C(C[C@H]4CCCC4NC))(-c4nn[nH]n4)c3)o2)cc1,0.6089045774826133,-0.05228160593699327,,1931,0.15714285714285714,5.6768042310946205
C(c1(\CCc2ccccc2OC)([C@@H]))c(\[C@@H])c(-c2ncc(-c3c(C)(-c4nn[nH]n4)c3)o2)cc1,0.60683263055639,-0.054353552863216525,,1912,0.21705426356589147,4.753188329198413
C(c1([C@@H]2C[C@@H]2C)(NC(=O)NC2CCCC2))c(\[C@@H])c(-c2ncc(-c3c(C)(-c4nn[nH]n4)c3)o2)cc1,0.606754895368644,-0.05443128805096253,,1914,0.14893617021276595,5.170094674953301
C(c1([C@@H](Nc2ccccc2C)C)([C@@H]))c(\[C@@H])c(-c2ncc(-c3c(C)(-c4nn[nH]n4)c3)o2)cc1,0.6063691559059519,-0.054817027513654686,,1938,0.21875,4.9931690676666065
C(c1([C@@H]2C[C@@H]2C)([C@@H]))c(\[C@@H])c(-c2ncc(-c3c(C)(-c4nn[nH]n4)c3)o2)cc(\c2ccc(F)cc2)1,0.6059943002596504,-0.055191883159956164,,1979,0.2440944881889764,5.166041696563129
C(c1([C@@H]2C[C@@H]2C)([C@@H]))c(\[C@@H](CC[C@@H]2C(=O)Nc2))c(-c2ncc(-c3c(C)(-c4nn[nH]n4)c3)o2)cc1,0.6057972691438906,-0.05538891427571591,,1926,0.1605839416058394,5.671537048384311
C(c1([C@@H]2C[C@@H]2C)([C@@H]))c(\[C@@H])c(-c2ncc(-c3c(C)(-c4n(Oc5ccccc5C)NC(=O)[nH]n4)c3)o2)cc1,0.6057669436285802,-0.05541923979102637,,1980,0.2028985507246377,5.538694404118963
C(c1([C@@H]2C[C@@H]2C([C@H](O)CCO))([C@@H]))c(\[C@@H])c(-c2ncc(-c3c(C)(-c4nn[nH]n4)c3)o2)cc1,0.6007744470808752,-0.060411736338731314,,1937,0.1590909090909091,5.669874665672058
C(c1([C@@H]2C[C@@H]2C)([C@@H]))c(/c2cc(F)ccc2C)(-c2ncc(-c3c(C)(-c4nn[nH]n4)c3)o2)cc1,0.6002459400628878,-0.06094024335671878,,1950,0.18320610687022898,5.277218858311752
C(c1([C@@H]2C[C@@H]2C)(C[C@H](O)CCN))c(\[C@@H])c(-c2ncc(-c3c(C)(-c4nn[nH]n4)c3)o2)cc1,0.5990742520978409,-0.06211193132176562,,1960,0.16923076923076924,5.525079705459857
C(c1([C@@H]2C(N/S(=O)(=O))[C@@H]2C)([C@@H]))c(\[C@@H])c(-c2ncc(-c3c(C)(-c4nn[nH]n4)c3)o2)cc1,0.5986155079550817,-0.06257067546452487,,1943,0.1640625,6.1115422475551044
C(c1([C@@H]2C[C@@H]2C)([C@@H]))c(\[C@@H])c(-c2nc(/C(=O)/C=C)(-c3c(C)(-c4nn[nH]n4)c3)o2)cc1,0.5981975115686585,-0.06298867185094803,,1911,0.09090909090909093,5.938150489238403
C(c1([C@@H]2C[C@@H]2C)([C@@H]))c(\[C@@H])c(-c2([C@@H]3C[C@H]4CC[C@H]3C4NC(=O))cc(-c3c(C)(-c4nn[nH]n4)c3)o2)cc1,0.5962313143982759,-0.06495486902133063,,1903,0.08666666666666667,6.937264214536176
C(c1([C@@H]2C[C@@H]2C)([C@@H]))c(\[C@@H])c(-c2ncc(-c3c(C([C@H]CC[C@@H](O)))(-c4nn[nH]n4)c3)o2)cc1,0.5951795215815239,-0.06600666183808268,,1931,0.1590909090909091,5.948777905410312
C(c1([C@@H](Nc2ccccc2Cl))([C@@H]))c(\[C@@H])c(-c2ncc(-c3c(C)(-c4nn[nH]n4)c3)o2)cc1,0.5948552544685717,-0.06633092895103487,,1921,0.203125,4.976127601667134
C(c1([C@@H]2C[C@@H]2C)([C@@H]))c(/[C@@H]2C[NH+]3CC[C@@H]3C2(O)C)(-c2ncc(-c3c(C)(-c4nn[nH]n4)c3)o2)cc1,0.5938214739266009,-0.06736470949300566,,1950,0.12857142857142856,6.540942286092909
C(c1([C@@H]2C[C@@H]2C)([C@@H]))c(\[C@@H])c(-c2ncc(-c3c(C)(-c4n(O)N[N-]C(N5CCCCC5)[nH]n4)c3)o2)cc1,0.5920566791030317,-0.06912950431657483,,1980,0.14685314685314685,6.114219989893953
C(c1([C@@H](CCc2c(C)cccc2))([C@@H]))c(\[C@@H])c(-c2ncc(-c3c(C)(-c4nn[nH]n4)c3)o2)cc1,0.5909504319907493,-0.0702357514288573,,1969,0.21705426356589147,4.945180302442559
C(c1([C@@H]2C[C@@H]2C)([C@@H]))c(\[C@@H])c(-c2ncc(-c3c(C[C@@H]([NH+]4CCCC4)C(=O))(-c4nn[nH]n4)c3)o2)cc1,0.5876803313214692,-0.07350585209813731,,1994,0.14893617021276595,6.365027470828918
C(c1([C@@H](Cc2cccc(OC)c2C))([C@@H]))c(\[C@@H])c(-c2ncc(-c3c(C)(-c4nn[nH]n4)c3)o2)cc1,0.5870138321599262,-0.07417235125968036,,1969,0.2137404580152672,5.00814248810325
C(c1([C@@H](Oc2cccc(Cl)c2)C)([C@@H]))c(\[C@@H])c(-c2ncc(-c3c(C)(-c4nn[nH]n4)c3)o2)cc1,0.5865411095295252,-0.07464507389008135,,1938,0.20930232558139536,5.066739312806083
C(c1([C@@H]2C[C@@H]2C)([C@@H]))c(\[C@@H])c(-c2ncc(-c3c(C)(-c4nn(C[C@H]5Cc6ccccc6O5)4)c3)o2)cc1,0.5852935250492046,-0.07589265837040192,,1935,0.20895522388059698,5.444420968053343
C(c1([C@@H]2C[C@@H]2C)([C@@H]))c(\[C@@H])c(-c2ncc(-c3c(C)(-c4nn[nH]n4)c3)o2)cc1(NC(=O)c1ccco1),0.5824746386557863,-0.07871154476382025,,1925,0.17518248175182485,5.310224175349811
C(c1([C@@H]2C[C@@H]2C)([C@@H]))c(\[C@@H])c(-c2ncc(-c3c([C@H](C)c4ccccc4)(-c4nn[nH]n4)c3)o2)cc1,0.5822967464395854,-0.07888943698002115,,1958,0.2137404580152672,5.345941794701822
C(c1([C@@H]2C[C@@H]2C)([C@@H]))c(\[C@@H])c(-c2ncc(-c3c(C)(-c4n(c5cc(C)ccc5OCC(=O)N)n4)c3)o2)cc1,0.582268440505333,-0.07891774291427356,,1913,0.2043795620437956,5.231456653928559
C(c1([C@@H]2C[C@@H]2C)([C@@H]))c(\[C@@H])c(-c2ncc(-c3c(C)(-c4nn[nH]n4)c(OCCCC(=O)[O-])3)o2)cc1,0.5803582339028982,-0.08082794951670835,,1946,0.15441176470588236,5.6187690781576904
C(c1([C@@H]2C[C@@H]2C)([C@@H]))c(\[C@@H])c(-c2nc(CC(=O)O[C@H])(-c3c(C)(-c4nn[nH]n4)c3)o2)cc1,0.5781718038852159,-0.08301437953439061,,1911,0.09701492537313433,6.094069197434493
C(c1([C@@H]2C(=N/c3cc(Cl)ccn3)[C@@H]2C)([C@@H]))c(\[C@@H])c(-c2ncc(-c3c(C)(-c4nn[nH]n4)c3)o2)cc1,0.5774832906963168,-0.08370289272328979,,1956,0.18248175182481752,5.611281669402151
C(c1([C@@H]2C[C@@H]2C)([C@@H]))c(\[C@@H])c(-c2(O)[C@](C)(N)C(=O)OC(C)cc(-c3c(C)(-c4nn[nH]n4)c3)o2)cc1,0.5767661630604396,-0.08442002035916696,,1903,0.1056338028169014,6.196941475749655
C(c1([C@@H]2C[C@@H]2C)([C@@H]))c(\[C@@H])c(-c2nc(Oc3ccccc3[C@](C)(C)N)(-c3c(C)(-c4nn[nH]n4)c3)o2)cc1,0.5756092859812314,-0.08557689743837515,,1911,0.16312056737588654,5.6495903092952
C(c1([C@@H]2C[C@@H]2(Oc2ccccc2OC))([C@@H]))c(\[C@@H])c(-c2ncc(-c3c(C)(-c4nn[nH]n4)c3)o2)cc1,0.5739320615479159,-0.08725412187169068,,1910,0.19852941176470587,5.142038618049968
C(c1([C@@H]2C[C@@H]2C)([C@@H]))c(\[C@@H](S(=O)(=O)c2[nH]c(=O)COc2))c(-c2ncc(-c3c(C)(-c4nn[nH]n4)c3)o2)cc1,0.5736550143581787,-0.08753116906142787,,1963,0.1527777777777778,5.74766850922178
C(c1([C@@H]2C[C@@H]2C)([C@@H]))c(\[C@@H])c(-c2ncc(-c3c(C)(-c4nn[nH]n4)c3)o2)cc(\S(=O)(=O)[C@@H](CN2CCCO2))1,0.5735991264354989,-0.08758705698410763,,1979,0.14482758620689656,5.852238501605634
C(C[C@@H]1C[C@](O)[C@@H](C[NH3+])C1)(c1([C@@H]2C[C@@H]2C)([C@@H]))c(\[C@@H])c(-c2ncc(-c3c(C)(-c4nn[nH]n4)c3)o2)cc1,0.5679781209287257,-0.09320806249088087,,1971,0.15602836879432624,6.332726101293087
C(c1([C@@H]2C[C@@H]2C)([C@@H]))c(\[C@@H])c(-c2ncc(-c3c(C)(-c4nn[nH]n4)c3)o2)c(C[NH+](C[C@H]2COCCN2C)C)c1,0.5651872520553234,-0.09599893136428317,,1952,0.15753424657534246,6.174518343219319
C(N(Cc1ccccc1))(c1([C@@H]2C[C@@H]2C)([C@@H]))c(\[C@@H])c(-c2ncc(-c3c(C)(-c4nn[nH]n4)c3)o2)cc1,0.5633300262398159,-0.09785615717979068,,1924,0.21804511278195488,5.244284092557706
C(c1([C@@H]2C[C@@H]2C)([C@@H]))c(\[C@@H])c(-c2ncc(-c3c(C)(-c4nn[nH]n4)c3)o2)cc(\NC(=O)c2ccsc2)1,0.5603782219100788,-0.10080796150952777,,1979,0.17518248175182485,5.36343523304212
C(c1([C@@H]2C[C@@H]2C)([C@@H]))c(\[C@@H])c(-c2ncc(-c3c(C)(-c4n(C[C@H](C)C[C@H](C)C)[nH]n4)c3)o2)cc1,0.5574288134775158,-0.10375736994209073,,1961,0.18604651162790695,5.686321690479583
C(c1([C@@H]2C[C@@H]2C)([C@@H]))c(\[C@@H])c(-c2(CCC[C@@H](C)SC)cc(-c3c(C)(-c4nn[nH]n4)c3)o2)cc1,0.5558156711261818,-0.10537051229342476,,1976,0.1167883211678832,6.022527035562531
C(c1([C@@H]2C[C@@H]2C)([C@@H]))c(\[C@@H])c(-c2nc(OC[C@H](CC)C(=O)O)(-c3c(C)(-c4nn[nH]n4)c3)o2)cc1,0.5558077311656235,-0.105378452253983,,1954,0.10714285714285714,5.894632177725553
C(c1([C@@H]2C[C@@H]2C)([C@@H]))c(\[C@@H])c(-c2ncc(-c3c(C)(-c4n(NSCc5ccccn5)n4)c3)o2)cc1,0.5498023464056901,-0.1113838370139164,,1967,0.20454545454545456,5.643173981025407
C(c1([C@@H]2C[C@@H]2C)([C@@H]))c(COc2ccccc2C)c(-c2ncc(-c3c(C)(-c4nn[nH]n4)c3)o2)cc1,0.5416436929749457,-0.1195424904446608,,1916,0.21804511278195488,4.927575721741565
C(c1([C@@H]2C[C@@H]2C)([C@@H]))c(\[C@@H])c(-c2ncc(-c3c(C)(-c4nn[nH]n4)c3([NH+](Cc3ccccc3F)C))o2)cc1,0.537437372666162,-0.12374881075344454,,1936,0.2028985507246377,5.7360803182961
C(c1([C@@H]2C[C@@H]2C(c2ccc(C)c(C)c2C#N))([C@@H]))c(\[C@@H])c(-c2ncc(-c3c(C)(-c4nn[nH]n4)c3)o2)cc1,0.537172336644846,-0.12401384677476054,,1937,0.19285714285714287,5.430728246688739
C(Nc1ccc(F)cc1C)(c1([C@@H]2C[C@@H]2C)([C@@H]))c(\[C@@H])c(-c2ncc(-c3c(C)(-c4nn[nH]n4)c3)o2)cc1,0.5368764781194313,-0.12430970530017528,,1995,0.19852941176470587,5.324541068815032
C(c1([C@@H]2C[C@@H]2C(c2cc(CF)c(N)nc2))([C@@H]))c(\[C@@H])c(-c2ncc(-c3c(C)(-c4nn[nH]n4)c3)o2)cc1,0.5368474834310487,-0.12433869998855784,,1957,0.1619718309859155,5.527951607254584
C(c1(c2cc(Br)ccc2NC(=O)C)([C@@H]))c(\[C@@H])c(-c2ncc(-c3c(C)(-c4nn[nH]n4)c3)o2)cc1,0.5364601071197793,-0.12472607629982725,,1912,0.19696969696969696,4.891075934067031
C(c1([C@@H]2C[C@@H]2C)([C@@H]))c(\[C@@H])c(-c2ncc(-c3c(C)(-c4nn[nH](N(CCC5CC5)C(=O))n4)c3)o2)cc1,0.534820603989575,-0.12636557943003154,,1972,0.15942028985507245,5.748225389924711
C(c1([C@@H]2C[C@@H]2C)([C@@H]))(Nc2cccc(C)c2C)c(\[C@@H])c(-c2ncc(-c3c(C)(-c4nn[nH]n4)c3)o2)cc1,0.5316736182216758,-0.12951256519793075,,1948,0.2074074074074074,5.319820660651766
C(c1([C@@H]2C[C@@H]2C)([C@@H]))(NC(=O)C(C)C(=O)N)c(\[C@@H])c(-c2ncc(-c3c(C)(-c4nn[nH]n4)c3)o2)cc1,0.5309018441454729,-0.13028433927413352,,1948,0.16176470588235295,5.707727261971293
C(Nn1cc1CCN(CC)C)(c1([C@@H]2C[C@@H]2C)([C@@H]))c(\[C@@H])c(-c2ncc(-c3c(C)(-c4nn[nH]n4)c3)o2)cc1,0.530110631566159,-0.13107555185344755,,1995,0.18571428571428567,5.88445213855505
C(c1([C@@H]2C[C@@H]2C)([C@H](F)c2cc(F)ccc2))c(\[C@@H])c(-c2ncc(-c3c(C)(-c4nn[nH]n4)c3)o2)cc1,0.5295172130440406,-0.1316689703755659,,1986,0.20149253731343286,5.307537150646524
C(NC(=O)Cc1cscc1)(c1([C@@H]2C[C@@H]2C)([C@@H]))c(\[C@@H])c(-c2ncc(-c3c(C)(-c4nn[nH]n4)c3)o2)cc1,0.5290202265376734,-0.1321659568819331,,1995,0.18840579710144928,5.436548661222624
C(c1([C@@H]2C[C@@H]2C)([C@@H]))c(\[C@@H])c(-c2ncc(-c3c(C)(-c4nn[nH](Nc5ccc(Cl)cc5)n4)c3)o2)cc1,0.5245056499185058,-0.13668053350110074,,1972,0.2196969696969697,5.354188598426736
C(c1([C@@H](N(C)C(=O)Oc2ccccc2N))([C@@H]))c(\[C@@H])c(-c2ncc(-c3c(C)(-c4nn[nH]n4)c3)o2)cc1,0.524424991077436,-0.13676119234217055,,1989,0.19708029197080293,5.086184051841728
C(c1([C@@H]2C[C@@H]2C)([C@@H]))(N2C(=O)[C@H]2CCO)(-c2ncc(-c3c(C)(-c4nn[nH]n4)c3)o2)cc1,0.5243325213178546,-0.13685366210175198,,1907,0.14615384615384616,5.692279560670019
C(c1([C@@H]2C[C@@H]2C)([C@@H](C[NH+](C2CCCCC2)OC)))c(\[C@@H])c(-c2ncc(-c3c(C)(-c4nn[nH]n4)c3)o2)cc1,0.5241307902205676,-0.13705539319903892,,1930,0.15862068965517245,6.041048385199878
C(c1([C@@H]2C[C@@H]2C)([C@@H]))c(\[C@@H](Sc2cccnn2))c(-c2ncc(-c3c(C)(-c4nn[nH]n4)c3)o2)cc1,0.5230234621818445,-0.13816272123776208,,1963,0.1851851851851852,5.518672063547587
C(c1([C@@H]2C[C@@H]2C)([C@@H]))c(\[C@@H])c(-c2ncc(-c3c(C)(-c4n(COc5ccccc5[C@@H])[nH]n4)c3)o2)cc1,0.5213079622434406,-0.139878221176166,,1961,0.21052631578947367,5.695728502272889
C(c1([C@@H]2C[C@@H]2C)([C@@H]))c(\[C@@H])c(-c2nc(S(=O)(=O)Cc3ncccc3)c(-c3c(C)(-c4nn[nH]n4)c3)o2)cc1,0.5202789807125059,-0.14090720270710064,,1993,0.14482758620689656,5.3288388062514835
C(c1([C@@H]2C[C@@H]2C)([C@@H]))c([C@@H](C)n2nccc2NC(=O)C)c(-c2ncc(-c3c(C)(-c4nn[nH]n4)c3)o2)cc1,0.5182353714615365,-0.14295081195807002,,1953,0.18571428571428567,5.3820300517309825
C(c1([C@@H]2C[C@@H]2C)([C@@H]))c(\[C@@H])c(-c2ncc(-c3c(C)(-c4nn[nH]n4)c3)o2)c(c2nc(Cl)c(C)cc2)c1,0.5145944260226122,-0.14659175739699434,,1940,0.1851851851851852,5.430015997212161
C(N(C)c1cc(Cl)ncc1)(c1([C@@H]2C[C@@H]2C)([C@@H]))c(\[C@@H])c(-c2ncc(-c3c(C)(-c4nn[nH]n4)c3)o2)cc1,0.5137740977504472,-0.1474120856691593,,1995,0.1897810218978102,5.558723329411578
C(c1([C@@H]2C[C@@H]2C)([C@@H](C(C#C)NC(=O)NC[C@@H])))c(\[C@@H])c(-c2ncc(-c3c(C)(-c4nn[nH]n4)c3)o2)cc1,0.5124154235440279,-0.14877075987557864,,1964,0.15602836879432624,6.052039184984577
C(c1([C@@H]2C[C@@H]2C)([C@@H]))c(\[C@@H])c(-c2ncc(-c3c(C)(-c4nn[nH]n4)c3)o2)c(Oc2ccccc2C[C@@H]([N+]))c1,0.5112122950251234,-0.1499738883944831,,1940,0.19285714285714287,5.581374400534894
C(c1([C@@H]2C[C@@H]2C)([C@@H]))(c2ncccc2NC(=O))c(\[C@@H])c(-c2ncc(-c3c(C)(-c4nn[nH]n4)c3)o2)cc1,0.5104362898300672,-0.1507498935895394,,1923,0.17985611510791366,5.541207402481366
C(c1([C@@H]2C[C@@H]2C)([C@@H]))c(\[C@@H])c(-c2ncc(-c3c(C)(-c4nn[nH]n4)c(Oc4cc(C)ccc4N)3)o2)cc1,0.5093907110336874,-0.15179547238591914,,1946,0.1897810218978102,5.277721823895086
C(c1([C@@H]2C(NS(=O)(=O)c3sccc3)[C@@H]2C)([C@@H]))c(\[C@@H])c(-c2ncc(-c3c(C)(-c4nn[nH]n4)c3)o2)cc1,0.5031554677437483,-0.15803071567585825,,1982,0.17985611510791366,5.533089919963883
C(c1(NC(=O)c2c(Cl)cccc2NC)([C@@H]))c(\[C@@H])c(-c2ncc(-c3c(C)(-c4nn[nH]n4)c3)o2)cc1,0.5001388156289145,-0.16104736779069204,,1912,0.1925925925925926,4.927711483573319
C(c1([C@@H]2C[C@@H]2C)([C@@H]))c(\[C@@H])c(-c2ncc(-c3c(C)(-c4nn[nH](Cc5nc(Cl)sc5)n4)c3)o2)cc1,0.5001134508080143,-0.16107273261159227,,1998,0.17037037037037034,5.526123582419208
C(c1([C@@H]2C[C@@H]2C)([C@@H](N(Cc2cccc(F)c2))))c(\[C@@H])c(-c2ncc(-c3c(C)(-c4nn[nH]n4)c3)o2)cc1,0.49685568941594704,-0.16433049400365954,,2000,0.2043795620437956,5.244272991869969
C(c1([C@@H]2C[C@@H]2C)([C@@H]))c(\[C@@H])c(-c2ncc(-c3c(C)(-c4nn[nH](N[C@H](C)c5cccc(F)c5)n4)c3)o2)cc1,0.4961739116731995,-0.16501227174640706,,1972,0.2028985507246377,5.546760897123214
C(c1([C@@H]2C(NC(=O)c3ccc(O)cc3)[C@@H]2C)([C@@H]))c(\[C@@H])c(-c2ncc(-c3c(C)(-c4nn[nH]n4)c3)o2)cc1,0.4927361223518447,-0.1684500610677619,,1982,0.21014492753623187,5.320697302302194
C(c1([C@@H]2C[C@@H]2C)([C@@H]))c(\[C@@H])c(-c2ncc(-c3c(C)(-c4nn[nH]n4)c3)o2)cc1(c1ccccc1[C@@H](C)NC),0.4891784576320236,-0.172007725787583,,1925,0.2028985507246377,5.386892656452994
C(c1([C@@H]2C[C@@H]2C([C@H](c2cccc(Cl)c2)))([C@@H]))c(\[C@@H])c(-c2ncc(-c3c(C)(-c4nn[nH]n4)c3)o2)cc1,0.4880027389002147,-0.17318344451939185,,1999,0.19852941176470587,5.48315981114259
C(c1([C@@H]2C[C@@H]2C)([C@@H]))c(\[C@@H])c(-c2(C(=O)Nc3cnc4ccccc4c3C)cc(-c3c(C)(-c4nn[nH]n4)c3)o2)cc1,0.4844867006772621,-0.17669948274234448,,1976,0.15231788079470202,5.468500390862603
C(c1([C@@H]2C[C@@H]2C)([C@@H]))c(OC[C@H](C)C(=O)N[C@@H])(-c2ncc(-c3c(C)(-c4nn[nH]n4)c3)o2)cc1,0.4838665485470033,-0.17731963487260327,,1934,0.14074074074074075,5.949230938681883
C(c1([C@@H]2C[C@@H]2C)([C@@H]))c(\[C@@H])c(-c2ncc(-c3c(C)(-c4nn[nH]n4)c3)o2)cc(C=C/CC=C/C(=O))1,0.4838453722402122,-0.17734081117939432,,1919,0.15328467153284672,5.704025815669828
C(c1([C@@H]2C[C@@H]2C)([C@@H]))c(\[C@@H])c(-c2ncc(-c3c([C@H]c4NC(=O)[C@H]4CCNC)(-c4nn[nH]n4)c3)o2)cc1,0.4805924974979964,-0.18059368592161013,,1958,0.15492957746478872,5.984761698613264
C(c1([C@@H]2C[C@@H]2C)([C@@H](Nc2cccc(O)c2)))c(\[C@@H])c(-c2ncc(-c3c(C)(-c4nn[nH]n4)c3)o2)cc1,0.4795206554605489,-0.1816655279590577,,2000,0.2,5.305485793113491
C(c1([C@@H]2C[C@@H]2C)([C@@H]))c(\[C@@H])c(-c2ncc(-c3c(C)(-c4nn[nH](C=C/C=C/C(=O)[C@@H])n4)c3)o2)cc1,0.4787817760068366,-0.18240440741277,,1998,0.15441176470588236,6.028335298893476
C(c1([C@@H]2C[C@@H]2C)([C@@H]))c(\[C@@H])c(-c2ncc(-c3c(C(C(=O)NCc4ccccc4[N+])C)(-c4nn[nH]n4)c3)o2)cc1,0.4763976803460099,-0.18478850307359668,,1994,0.19444444444444445,5.721255095742968
C(c1([C@@H]2C[C@@H]2C)([C@@H]))c([C@@H](Nc2cccc(F)c2F)C)(-c2ncc(-c3c(C)(-c4nn[nH]n4)c3)o2)cc1,0.472773570053414,-0.18841261336619256,,1934,0.17266187050359713,5.444274771254907
C(c1([C@@H]2C(N(Cc3ccc(F)cc3)C(=O))[C@@H]2C)([C@@H]))c(\[C@@H])c(-c2ncc(-c3c(C)(-c4nn[nH]n4)c3)o2)cc1,0.4715584364648116,-0.18962774695479492,,1982,0.21428571428571427,5.532124609986061
C(c1([C@@H]2C[C@@H]2C)([C@@H]))c(\[C@@H])c(-c2nc(N/C(=O)CCCC[C@H](C))c(-c3c(C)(-c4nn[nH]n4)c3)o2)cc1,0.4697214592783239,-0.19146472414128254,,1965,0.10884353741496597,5.478342703015967
C(c1([C@@H]2C[C@@H]2C)([C@@H]))c(\[C@@H])c(-c2ncc(-c3c(C)(-c4nn[nH](NCC(=O)Nc5cc(C)ccc5)n4)c3)o2)cc1,0.46805622678447,-0.19312995663513652,,1905,0.2027972027972028,5.295967331625265
C(c1([C@@H]2C[C@@H]2C)([C@@H]))c(\[C@@H])c(-c2ncc(-c3c(C(Oc4ccc(Cl)cc4N))(-c4nn[nH]n4)c3)o2)cc1,0.4680239296622306,-0.193162253757376,,1996,0.18840579710144928,5.292268334527312
C(c1([C@@H]2C[C@@H]2(c2cc(C)c(C(Cl))cc2O))([C@@H]))c(\[C@@H])c(-c2ncc(-c3c(C)(-c4nn[nH]n4)c3)o2)cc1,0.4639993026575206,-0.197186880762086,,1910,0.17142857142857146,5.430222180681158
C(c1([C@@H]2C[C@@H]2C)([C@@H]))c(\[C@@H])c(-c2ncc(-c3c(C)(-c4nn[nH]n4)c([C@@H]4CN(C(=O)OO)C4CC)3)o2)cc1,0.4607209398531311,-0.20046524356647544,,1917,0.1619718309859155,5.878542857175351
C(c1([C@@H]2C[C@@H]2(/C=C/c2cccc(Br)c2))([C@@H]))c(\[C@@H])c(-c2ncc(-c3c(C)(-c4nn[nH]n4)c3)o2)cc1,0.4533162738661186,-0.20786990955348794,,1910,0.1897810218978102,5.349065462633957
C(c1([C@@H]2C[C@@H]2C)([C@@H]))c(\[C@@H])c(-c2ncc(-c3c(C)(-c4nn[nH]n4)c3)o2)cc([C@@H]([NH3+])NC(=O))1,0.4531719932824082,-0.2080141901371983,,1919,0.15267175572519084,6.044603109321431
C(CO[C@H](c1ccc(Cl)cc1))(c1([C@@H]2C[C@@H]2C)([C@@H]))c(\[C@@H])c(-c2ncc(-c3c(C)(-c4nn[nH]n4)c3)o2)cc1,0.4452977360566414,-0.21588844736296514,,1971,0.21897810218978106,5.574244813614412
C(c1([C@@H]2C[C@@H]2C)([C@@H]))c(\[C@@H])c(-c2ncc(-c3c(C)(-c4nn[nH]n4)c3)o2)cc1(c1nc2ccccc2[nH]1),0.4449267561068386,-0.216259427312768,,1970,0.18705035971223025,5.234719145716123
C(c1([C@@H]2C[C@@H]2C)([C@@H]))c(\[C@@H])c(-c2nc(c3ccccc3C3CCCCn3)c(-c3c(C)(-c4nn[nH]n4)c3)o2)cc1,0.4406273157627649,-0.22055886765684166,,1901,0.12987012987012986,5.3593037532331245
C(c1([C@@H]2C[C@@H]2C)([C@@H]))c(/[NH+]=C/c2ncccc2[N+])(-c2ncc(-c3c(C)(-c4nn[nH]n4)c3)o2)cc1,0.4404569536925201,-0.22072922972708647,,1950,0.1605839416058394,6.169376982917862
C(c1([C@@H](C(=O)COCc2ccccc2CC)C)([C@@H]))c(\[C@@H])c(-c2ncc(-c3c(C)(-c4nn[nH]n4)c3)o2)cc1,0.4362731190730231,-0.22491306434658345,,1985,0.21428571428571427,5.064201328216656
C(c1([C@@H]2C[C@@H]2C)([C@@H]))c(\[C@@H])c(-c2ncc(-c3c(C)(-c4nn[nH]n4)c3)o2)c(C(CC/c2ccccc2)C)c1,0.43294376043360017,-0.2282424229860064,,1952,0.21014492753623187,5.2656547683655415
C(c1([C@@H]2C[C@@H]2C)(c2cccc([N+](=O)[O-])c2))c(\[C@@H])c(-c2ncc(-c3c(C)(-c4nn[nH]n4)c3)o2)cc1,0.43037047818214735,-0.2308157052374592,,1914,0.20149253731343286,5.071343406119042
C(c1([C@@H]2C[C@@H]2C)([C@@H]))c(\[C@@H])c(-c2nc(N[C@H](c3ccc(Cl)c(F)c3))c(-c3c(C)(-c4nn[nH]n4)c3)o2)cc1,0.4289128983940841,-0.2322732850255225,,1965,0.1292517006802721,5.530495013410661
C(c1([C@@H]2C[C@@H]2C)([C@@H]))c(\[C@@H])c(-c2ncc(-c3c(C)(-c4nn[nH]n4)c3)o2)cc1([NH+](C)C[C@](C)(O)CCN),0.4285073054292183,-0.2326788779903883,,1925,0.18382352941176472,6.217694522039838
C(c1([C@@H]2C[C@@H]2C)([C@@H](COc2ccccc2CNC)))c(\[C@@H])c(-c2ncc(-c3c(C)(-c4nn[nH]n4)c3)o2)cc1,0.4233933879973075,-0.23779279542229906,,1964,0.20422535211267606,5.2208192728295115
C(CCCCC[C@H]1NC(=O)Nc1)(c1([C@@H]2C[C@@H]2C)([C@@H]))c(\[C@@H])c(-c2ncc(-c3c(C)(-c4nn[nH]n4)c3)o2)cc1,0.4218039064645505,-0.2393822769550561,,1924,0.14864864864864866,5.719485659364713
C(c1([C@@H]2C[C@@H]2C)([C@@H]))c(\[C@@H])c(-c2nc(C=CCN(CC=C)C(=O))c(-c3c(C)(-c4nn[nH]n4)c3)o2)cc1,0.4181687808075456,-0.2430174026120609,,1901,0.10135135135135136,5.81111240474281
C(c1([C@@H](\c2cc(O)ccc2NC(=O)N))([C@@H]))c(\[C@@H])c(-c2ncc(-c3c(C)(-c4nn[nH]n4)c3)o2)cc1,0.4169505197094927,-0.24423566371011385,,1921,0.18382352941176472,5.081288406650241
C(c1([C@@H]2C[C@@H]2C)([C@@H]))c(\[C@@H])c(-c2ncc(-c3c(C)(-c4nn[nH]n4)c3)o2)c(c2cc(Br)ccc2[NH2+]CC)c1,0.4158792416069557,-0.24530694181265086,,1991,0.2028985507246377,5.833876582336784
C(c1([C@@H]2C[C@@H]2C)([C@@H]))c(\[C@@H])c(-c2ncc(-c3c(C)(-c4n(Cc5nnc(-c6ccccc6C)N5C)n4)c3)o2)cc1,0.4089899599686752,-0.2521962234509314,,1997,0.2112676056338028,5.264835484033604
C(c1([C@@H]2C[C@@H]2C)([C@@H](NC[C@@H](c2ccc(F)cc2F))))c(\[C@@H])c(-c2ncc(-c3c(C)(-c4nn[nH]n4)c3)o2)cc1,0.4065935634565029,-0.2545926199631036,,2000,0.1888111888111888,5.5391923352388
C(c1([C@@H]2C[C@@H]2C)([C@@H](C/C=C/c2cccc(OC)c2)))c(\[C@@H])c(-c2ncc(-c3c(C)(-c4nn[nH]n4)c3)o2)cc1,0.3984275258706113,-0.26275865754899524,,1964,0.20422535211267606,5.264429432481181
C(c1([C@@H]2C[C@@H]2C)([C@@H]))c(N(CC#C)[NH+](C)C)(-c2ncc(-c3c(C)(-c4nn[nH]n4)c3)o2)cc1,0.3970008909777789,-0.26418529244182765,,1934,0.15267175572519084,6.1761061504663335
C(c1([C@@H]2C[C@@H]2C)([C@@H]))c(\[C@@H])c(-c2nc([C@H]SCC(=O))(-c3c(C)(-c4nn[nH]n4)c3)o2)cc1,0.39486028035101867,-0.2663259030685879,,1978,0.0962962962962963,6.175323864131299
C(c1([C@@H]2C[C@@H]2C)([C@@H]))c(\[C@@H])c(-c2ncc(-c3c(C)(-c4n(Nc5cc([N+](=O)[O-])ccc5OC)n4)c3)o2)cc1,0.3941853594894433,-0.2670008239301633,,1967,0.1956521739130435,5.372018653928559
C(c1([C@@H]2C[C@@H]2C)([C@@H]))c(\[C@@H])c(-c2ncc(-c3c(C)(-c4nn[nH]n4)c3)o2)cc1(CC(C)[C@@H](C)C(=O)NCCNC),0.390303671792661,-0.27088251162694554,,1925,0.1564625850340136,5.701629516796674
C(c1([C@@H]2C[C@@H]2C)([C@@H](Oc2ccccc2C[C@H](C)C)))c(\[C@@H])c(-c2ncc(-c3c(C)(-c4nn[nH]n4)c3)o2)cc1,0.3895211648654047,-0.27166501855420183,,1930,0.21428571428571427,5.282447719854185
C(c1([C@@H]2C[C@@H]2C)([C@@H]))c(\[C@@H])c(-c2nc(Nc3ccccc3[C@@H](C)NC)c(-c3c(C)(-c4nn[nH]n4)c3)o2)cc1,0.3887588057372857,-0.27242737768232084,,1965,0.14965986394557826,5.400886249884623
C(c1([C@@H]2C[C@@H]2C)([C@@H]))c(\[C@@H])c(-c2ncc(-c3c(C(-c4cc5ccccc5n4CC))(-c4nn[nH]n4)c3)o2)cc1,0.37032495780038177,-0.2908612256192248,,1931,0.2127659574468085,5.279922756138655
C(c1([C@@H]2C[C@@H]2C)([C@@H]))c(\[C@@H])c(-c2ncc(-c3c(C)(-c4nn[nH]n4)c3)o2)c(C/[NH+]=C/c2ccc3ccccc3c2)c1,0.3638977117495865,-0.2972884716700201,,1940,0.2123287671232877,5.574604001789302
C(c1([C@@H]2C[C@@H]2C)([C@@H]))c(\[C@@H])c(-c2ncc(-c3c(C(CCOc4ccccc4[C@@H](C)))(-c4nn[nH]n4)c3)o2)cc1,0.363533915210267,-0.29765226820933954,,1968,0.1958041958041958,5.362513757590033
C(c1([C@@H]2C[C@@H]2C)([C@@H]))c(\[C@@H])c(-c2ncc(-c3c(C(C)[C@](C)(O)CCNC(=O))(-c4nn[nH]n4)c3)o2)cc1,0.3565440943268407,-0.30464208909276586,,1968,0.18248175182481752,5.980319120572748
C(c1([C@@H]2C[C@@H]2C)([C@@H]))c(\[C@@H])c(-c2ncc(-c3c(C(O)N/NC(=O)C(C))(-c4nn[nH]n4)c3)o2)cc1,0.3534950431766567,-0.30769114024294986,,1931,0.17164179104477612,5.729902141247044
C(c1([C@@H]2C[C@@H]2C)([C@@H]))c(\[C@@H])c(-c2ncc(-c3c(C)(-c4nn[nH](C(C[C@@H]OO)C(=O))n4)c3)o2)cc1,0.3529835302875981,-0.30820265313200845,,1998,0.16296296296296298,6.133809499106576
C(c1([C@@H](C(=O)NCSc2ccccc2OC))([C@@H]))c(\[C@@H])c(-c2ncc(-c3c(C)(-c4nn[nH]n4)c3)o2)cc1,0.3376093233093219,-0.32357686011028464,,1921,0.2,5.0881011021819385
