SMILES,PLogP,QED,SA
COc1ccc2c(c1)N/C(=C(/C(=O)C(=O)c1ccccc1)C(=O)c1ccccc1)C(C)=[N+]2[O-],0.046812352024367086,0.1166431050742342,2.9846559337355885
O=C(CCCC[C@H]1SC[C@@H]2NC(=O)N[C@@H]21)N/N=C/c1c(F)c(F)c(F)c(F)c1F,-0.030337296091365942,0.11690072556898888,3.9860768325907117
Cc1ccc(/C=C2\Oc3cc(OC(=O)COc4c(F)c(F)c(F)c(F)c4F)cc(C)c3C2=O)o1,0.06299152887998831,0.1249729116462402,2.9985944919267404
O=C(COc1c(F)c(F)c(F)c(F)c1F)Oc1ccc2c(c1)O/C(=C\c1cccs1)C2=O,0.06957934772361384,0.13111504074291153,2.8416853379015534
C[N+]1(/N=C(\[S-])NN)CCOCC1,-0.37565690675222,0.13533803975945805,4.79399890406518
O=C(CSc1nc2ccccc2c(=O)n1-c1ccc(Cl)cc1)N/N=C/c1cccc([N+](=O)[O-])c1,0.06694117111315333,0.13543477817892802,2.303888150313579
N/[NH+]=C(/[S-])N[C@H]1CCS(=O)(=O)C1,-0.5039723572671034,0.1378874412685804,4.843075882327196
Cn1c(=O)c2c(SCC(=O)c3ccccc3)nc(-c3ccc([N+](=O)[O-])cc3)nc2n(C)c1=O,0.03046662332130292,0.14020948415191672,2.4260139550971167
Cc1ccc(-n2c(SCC(=O)N/N=C\c3ccc([N+](=O)[O-])cc3)nc3ccccc3c2=O)cc1,0.06107960860555722,0.14316462880065806,2.2695268497584653
CCN(CC)c1ccc2nc3ccc(/N=N/c4ccc(N(C)C)cc4)cc3[n+](-c3ccccc3)c2c1,0.09468367197439016,0.14473290079096546,2.9884911331319426
CC(=O)C(C(=O)c1ccc([N+](=O)[O-])cc1[N+](=O)[O-])=C(C)[O-],-0.03752184526691519,0.1490965087599992,2.951266697355246
CC[N+]1(CC)c2cc(/N=C/c3ccccc3)c(/C=C/c3ccccc3)cc2C[C@H]1c1ccccc1,0.10126298067992394,0.1504477325930502,3.6075726228797103
O=C(CSc1n[nH]c(N/N=C/c2cccc(O)c2)n1)Nc1cccc2c1C(=O)c1ccccc1C2=O,0.03659509940107649,0.1513862555418746,2.6802877307650785
C=CCN/C(S)=C(\C(=O)c1ccc(C)c([N+](=O)[O-])c1)[n+]1ccccc1,0.023396610550591945,0.15211295794675986,2.966941537179986
Nn1c(N/N=C/c2ccc(Cl)cc2Cl)nnc1SCC(=O)Nc1nc2ccccc2s1,0.06040491340758111,0.1534175762072015,2.5794425108625525
N/C(CCCSc1ccccc1[N+](=O)[O-])=N\O,0.04610063465631136,0.1542401008237695,2.399324192315188
CC(=O)c1c(OC(=O)COc2ccc([N+](=O)[O-])cc2)ccc2c(C)cc(=O)oc12,0.0504333043642589,0.1549742958488034,2.4047993445981497
O=C1NC(=S)NC(=O)C1=CNc1ccc([N+](=O)[O-])cc1O,-0.049350445618497184,0.1556104302086095,2.7039326892580817
CCOC(=O)/C(=N\Nc1ccc(Cl)cc1)C(=O)c1nn2c(nc(=O)c3ccccc32)s1,0.02996508769705083,0.1559630572929306,2.8350082490569424
Cc1cccc(NC(=O)CSc2nnc(N/N=C/c3c[nH]c4ccccc34)n2N)c1,0.03765483481234755,0.15759542623015846,2.543871910722276
O=C(COC(=O)c1ccccc1N1C(=O)[C@@H]2[C@H](C1=O)[C@@H]1C=C[C@H]2[C@@H]2C[C@H]12)c1ccc([N+](=O)[O-])cc1,-0.032270387053803334,0.1579126838143768,4.562624694658671
CC[C@@H](C)N1C(=O)/C(=C\c2ccc(OC(=O)c3cccc([N+](=O)[O-])c3)cc2)SC1=S,0.06928834570092604,0.15827878925270789,2.8310045364657057
Cc1cc(=O)oc2ccc(OC(=O)CN3C(=O)c4cccc([N+](=O)[O-])c4C3=O)cc12,0.022940478640521667,0.15997881265171415,2.4775974803748912
CC(C)NC(=O)c1cc2ccc(OC(=O)/C=C/c3cccc([N+](=O)[O-])c3)cc2oc1=O,0.051815782849213225,0.16080244872413166,2.437013363709731
COc1cccc(N/C([S-])=C(\C(=O)c2ccc([N+](=O)[O-])cc2)[n+]2ccccc2)c1,0.04043052337046895,0.1609828259254973,2.8571172667369846
CC(=O)c1c(OC(=O)c2cc([N+](=O)[O-])ccc2Cl)ccc2c(C)cc(=O)oc12,0.07271184778524997,0.1612713765022426,2.44304155275983
CC1=C[C@H]2C[C@@H]1[C@@H]1C(=O)N(c3ccc(C(=O)OCC(=O)c4ccc([N+](=O)[O-])cc4)cc3)C(=O)[C@@H]12,-0.018665965221839,0.16169821149528352,4.233921378241005
Cc1ccc(C(=O)COC(=O)c2cccc(N3C(=O)[C@H]4[C@@H]5C=C[C@@H](C5)[C@@H]4C3=O)c2)cc1[N+](=O)[O-],-0.019848175044673302,0.16182658592831656,4.219958625204566
N/C(=[NH+]\NC(=O)c1ccncc1)c1cc2c(ccc3ccccc32)oc1=O,-0.04014144729140424,0.16185327554777382,2.9439792162758924
O=[N+]([O-])c1ccc(-c2cc(-c3ccccc3)cc(-c3ccccc3)[n+]2Cc2ccccc2)cc1,0.12203019352246194,0.16223051820501322,2.3360661693460933
O=C(/C=C/c1cn(Cc2ccccc2)nc1-c1cccnc1)c1ccc(Cl)c([N+](=O)[O-])c1,0.09493672535501664,0.1634322626668357,2.401796023332391
COc1cc(/C=C(\C#N)C(=O)N2CCOCC2)ccc1OC(=O)c1cccc([N+](=O)[O-])c1C,0.03264688898783874,0.16353277663751156,2.551654256100459
Cc1ccc(C(=O)COC(=O)c2ccccc2N2C(=O)[C@H]3CC=CC[C@@H]3C2=O)cc1[N+](=O)[O-],0.019818601262240384,0.16563242188312485,3.1960731505952453
N#C/C(=C\Nc1ccc([N+](=O)[O-])cc1)c1nc(-c2cc3cc(Br)ccc3oc2=O)cs1,0.08684616002735163,0.166393688454916,2.755462095210788
O=C(COC(=O)c1cccc(N2C(=O)[C@H]3[C@H]4C=C[C@H](C4)[C@H]3C2=O)c1)c1cccc([N+](=O)[O-])c1,-0.025023130944088243,0.16684432680906489,4.1665277018573486
Nc1ccc(C(=O)N/N=C/c2ccc(OC(=O)c3cccc4ccccc34)cc2)cc1,0.08748525419279354,0.16789205823585562,2.065611395910091
CN1C(=O)/C(=C\c2cccc(OC(=O)c3cc([N+](=O)[O-])cc([N+](=O)[O-])c3)c2)SC1=S,0.05101928714801077,0.16909365617038824,2.5553265655712103
N#C/C(=C/c1ccc(OS(=O)(=O)c2ccc([N+](=O)[O-])cc2)cc1)C(=O)Nc1ccc(Cl)cc1,0.07640413084859436,0.1706100906255203,2.315503587204139
O=C1/C(=C(Cc2ccccc2)\C([O-])=N\c2nnc(CCl)s2)SC(=S)N1c1ccccc1,0.0398500472067921,0.17075499520467655,3.194070168598076
Cc1cc2nc(NC(=N)NC=C3C(=O)NC(=S)NC3=O)nc(C)c2cc1C,-0.03950825039263575,0.1711495597543712,3.181954444166504
Cc1cc(C)cc(NC(=O)CSc2nnc(N/N=C/c3cccc4ccccc34)n2N)c1,0.05915979812029532,0.17200790862841994,2.477192846074866
N/C(CCCCNC(=O)N[C@@H]1CCOC1)=N/O,-0.08444175680926573,0.1731207160391701,2.9576581142983773
CC(=O)Oc1ccc(/C=C(\C#N)C(=O)Nc2ccc([N+](=O)[O-])cc2Cl)cc1Br,0.08312593799351763,0.17374927636584492,2.430616451545255
O=C(CSc1nnc(NC(=O)c2ccccc2Br)s1)c1cccc([N+](=O)[O-])c1,0.09058352135618077,0.17521628620272678,2.2300794044484458
C[C@@H](Sc1nc2ccc(/N=C\c3cc([N+](=O)[O-])ccc3[O-])cc2s1)C(=O)Nc1nccs1,0.031985264238827395,0.17524130645523875,3.5888993019036297
C/C(=N\Nc1nnc(SCC(=O)Nc2cccc3c2C(=O)c2ccccc2C3=O)[nH]1)c1ccccc1,0.047143170474865374,0.17535689568124782,2.7615540029544263
Cc1ccc2cccc(OC(=O)c3oc4c(c3C)/C(=N/NC(=O)c3cccc([N+](=O)[O-])c3)CCC4)c2n1,0.061382111421816835,0.17602964783262445,2.8034883731911258
COCCC/[NH+]=C(\[S-])N/N=C/c1ccc(O)cc1O,-0.16454706444082007,0.17756358727481414,3.8150353005637054
Cc1ccc(/C=N/Nc2nnc(SCC(=O)Nc3cccc4ccccc34)n2N)cc1,0.05971621783140479,0.1783710783275316,2.332896011294704
COCCN/C(=[NH+]/N)c1cc(C(F)(F)F)ccc1F,-0.09474142453161297,0.17843326090841174,3.139620889225875
C[C@@H](Sc1nc2scc(-c3cccs3)c2c(=O)n1C)C(=O)Nc1ccc(F)c([N+](=O)[O-])c1,0.05900702149611343,0.17847568928093924,3.0341261789159866
COC(=O)C1=C(C)N(c2ccc(C)cc2)/C(=C/c2ccc(-c3cccc([N+](=O)[O-])c3)o2)C1=O,0.07354945452461814,0.1785186236593167,2.672290376501799
COc1cc(/C=C2\SC(=S)N(c3ccc([N+](=O)[O-])cc3)C2=O)ccc1OCc1ccccc1F,0.09700866284537006,0.17887417251739368,2.3453209962691712
O=[N+]([O-])c1cccc(-c2nccc(/C=C/c3ccc(OCc4ccccc4)cc3)[n+]2[O-])c1,0.07927884683864796,0.17899891609676247,2.5803007002123137
COc1cccc(/C=C2\Oc3cc(OC(=O)c4cccc([N+](=O)[O-])c4)ccc3C2=O)c1OC,0.06948968632123352,0.1790307263379935,2.4393407972591614
Cc1ccc(-n2c(SCC(=O)Nc3ccccc3[N+](=O)[O-])nc3sc(C)c(C)c3c2=O)cc1,0.08559776066633352,0.1798720681000739,2.324058102254305
COc1ccc([N+](=O)[O-])cc1CSc1nc2scc(-c3cccs3)c2c(=O)n1C,0.08678144832884789,0.1809294542200912,2.535008448725728
N/C(CC[NH2+]C[C@@H]1CN2CCC[C@@H]2CO1)=N/O,-0.2630998487353627,0.18118050414701767,4.651409983194942
C=CCNC(=S)N/C(=N/O)c1ccncc1,-0.04980010332384016,0.1813417453028348,2.9345207830406395
CC(=O)c1sc2c(c1OC(=O)c1ccco1)c(=O)n(-c1ccccc1)c(=S)n2-c1ccccc1,0.07789906300556694,0.18226860842722456,2.805460077355608
Cc1ccc(C(=O)[C@]2(C)[C@@H]3c4c(ccc5ccccc45)OC(=O)[C@@]32C(=O)c2ccco2)cc1,0.04417560431554392,0.1823749130713991,3.7565774654692436
C/C(=N\NC(=O)c1ccc([N+](=O)[O-])cc1)c1cc2c(ccc3ccccc32)oc1=O,0.07250319603641177,0.1823933558005501,2.282635842692944
Nn1c(N/N=C/c2cccnc2)nnc1SCC(=O)Nc1cccc2ccccc12,0.03603276564050635,0.18244249542245566,2.4440796271437844
C=CCONC(=C)C([O-])=C1C(=O)CCCC1=O,-0.12947618974677833,0.18340153584150928,3.68446892297768
CCOC(=O)/C(C#N)=C/N/N=C(C)\C(C)=N\O,-0.08282708676472701,0.18360469300732327,3.3888573510713265
N/C(=N/O)c1ccc(SC[C@H](O)CO)nc1,-0.11687536308846487,0.18433248356164908,3.104919728085872
COc1ccc(N2C(=O)C(=O)/C(=C([O-])/C=C/c3ccccc3)[C@H]2c2ccc([N+](=O)[O-])cc2)cc1,0.029204397679676787,0.18457305365519006,3.0237908941116065
Cc1ccc(N/C([S-])=C(/C(=O)c2ccc(Cl)c(Cl)c2)[n+]2ccc(C(C)(C)C)cc2)cc1C,0.10121917732999702,0.18546349873166731,3.0548551110962023
CCCCCN1C(=O)[C@H](C(=O)N/N=C(\C)[C@H]2C(=O)[NH+]=c3ccccc3=C2O)[C@@H](O)c2ccccc21,-0.10256196480156517,0.18623558166480772,4.518942967579379
O=C1N=C([O-])N(c2ccc(F)cc2)C(=O)/C1=C\c1cn(Cc2ccc([N+](=O)[O-])cc2)c2ccccc12,0.03207274866486744,0.18642721069937074,2.7854797338976915
O=C(CSc1nc2ccccc2c(=O)n1-c1ccc(F)cc1F)Nc1ccc(F)c([N+](=O)[O-])c1,0.0721693896622821,0.18690128392105804,2.3023396349331366
Nn1c(N/N=C/c2ccccc2O)nnc1SCC(=O)Nc1ccc(Cl)cc1Cl,0.04625545311813983,0.18748236980184604,2.4967677357801357
N#C/C(=C/c1ccccc1OCc1ccc([N+](=O)[O-])cc1)C(=O)c1ccccc1,0.10442187510499433,0.18857601879548136,2.1266636240235437
CCCCNC(=O)N(O)[C@H]1N(/N=C/c2cc(Br)ccc2O)C(=S)SC1(C)C,0.025232019605940296,0.18862328995581293,3.5972195490903616
NNC(=O)c1cccc(OCCSc2cccc(N)c2)c1,0.04869703561340492,0.189673871017502,2.1013243896629383
COc1cc(/C=C\C(=O)c2cc3cc([N+](=O)[O-])ccc3oc2=O)cc(OC)c1OC,0.05823668548946018,0.1901393977896808,2.415471623099636
Cc1ccc(-n2c(S[C@H](C)c3nnc(-c4ccc([N+](=O)[O-])cc4)o3)nnc2N2CCCCC2)cc1,0.0645444575912909,0.1907903222110713,3.008282175597492
CC(C)Sc1ccc(C(=O)N(Cc2ccccn2)c2nc3ccc([N+](=O)[O-])cc3s2)cc1,0.10269118402622376,0.1907911461701749,2.4831434837315243
O=C1/C(=C\c2ccc(Oc3ccc([N+](=O)[O-])cc3[N+](=O)[O-])cc2)SC(=S)N1c1ccccc1,0.09845038058225476,0.1912682954262324,2.3712981173584176
C[C@H]1C=CC[C@@H]2C(=O)N(c3ccc(OC(=O)c4cccc([N+](=O)[O-])c4)cc3)C(=O)[C@H]12,0.020966658256920668,0.19203529554040372,3.2849609438076772
COC(=O)/C(C#N)=C/c1cccc(OC(=O)c2ccc([N+](=O)[O-])cc2Cl)c1,0.06479219101696272,0.1922776275108643,2.369561304873365
O=c1c2ccccc2nc(SCc2cc([N+](=O)[O-])cc3c2OCOC3)n1-c1ccccc1,0.06992910822906066,0.19292489272490373,2.488621295745812
COc1cccc(N/C([S-])=C(/C(=O)c2ccc(Cl)c(Cl)c2)[n+]2ccc(C(C)(C)C)cc2)c1,0.0895052219969156,0.1930884631659588,3.013834469668664
CC(C)(C)c1ccc(/C(=N\O)N[C@H](O)C(Cl)(Cl)Cl)cc1,0.026392107864494658,0.1931685127263736,3.3009957893877204
CC(=O)c1ccc(-c2ccc(/C=C3\C(=O)N(c4ccccc4)C(=O)N(c4ccc(C)cc4)C3=O)o2)cc1,0.0926417777253358,0.1933198404072476,2.4197310105537637
COC(=O)c1sc2ncc(C(=O)/C=C/c3ccc(Cl)c([N+](=O)[O-])c3)cc2c1C,0.08579620547842469,0.19365816290989515,2.5817663858215045
CC[C@](C)(NC(=O)CCCOC)/C(N)=N/O,-0.0776637493314884,0.1946576249470489,3.0601878100039546
Cc1ccc(C)c(N/C([S-])=C(/C(=O)c2ccccc2Br)[n+]2ccc(C(C)(C)C)cc2)c1,0.09105856354463314,0.19470841299691247,3.0854589977200444
C=CCN1C(=O)C(C#N)=C(C)/C(=C\c2cn(-c3ccccc3)nc2-c2ccc(SCC)cc2)C1=O,0.07426835303759355,0.1950019108199653,2.7548581187333845
Cc1c(NC(=O)CSc2nc3ccccc3c(=O)n2-c2ccccc2F)cccc1[N+](=O)[O-],0.07846878831235292,0.1952444965597502,2.206783477159905
N/C(CCCCN1CC[NH+]2CCC[C@@H]2C1)=N/O,-0.25020365005813405,0.19534553204636845,4.88504828774753
CCOc1ccc(/C=C/C(=O)c2cc3cc([N+](=O)[O-])ccc3oc2=O)cc1OC,0.07252967318645231,0.1954577125438144,2.3402204770767803
Cc1ccc(NC(=O)CSc2nc3ccccc3c(=O)n2Cc2ccco2)c([N+](=O)[O-])c1,0.06785085755638612,0.1955982576975188,2.2723898066393846
N#C/C(=C\c1cn(-c2ccccc2)nc1-c1ccc([N+](=O)[O-])cc1)C(=O)NCc1cccnc1,0.059353045394881385,0.19572500726432,2.446978580649075
Cc1cc(-c2nn3c(C)nnc3s2)ccc1NC(=O)/C=C/c1ccc(-c2ccccc2[N+](=O)[O-])o1,0.0723497689907202,0.1961000812922478,2.7295649858662507
COc1ccc(/C=N/NC(=O)CSc2nc3ccccc3c(=O)n2-c2ccc(C)cc2)cc1,0.0694932964017412,0.19620982721907626,2.147354405722006
COc1ccc(-n2c(SCC(=O)N/N=C/c3ccccc3C)nc3ccccc3c2=O)cc1,0.06771736004416024,0.19620982721907626,2.1962036364912367
C=CCn1c(SCC(=O)Nc2ccc([N+](=O)[O-])cc2)nc2sc3c(c2c1=O)CCC3,0.0606429529200351,0.19621166969127612,2.441656476177105
O=C(CCCSc1nnc2n(-c3ccccc3)c(=O)c3ccccc3n12)c1ccc(F)cc1,0.08416824895676116,0.1965650626006844,2.314703545398121
N#C/C(=C\c1ccc(OS(=O)(=O)c2ccccc2)cc1)c1ccc([N+](=O)[O-])cc1,0.08715386604918465,0.19688546948182184,2.2320039459114693
C[NH+](C)CCCNC(=O)/C=N/O,-0.3686196070964807,0.1971237190560735,4.347506465253992
O=C(Cn1c2ccccc2c(=O)c2ccccc21)N/N=C/c1cc(Br)cc([N+](=O)[O-])c1[O-],0.027486421408641427,0.19737520999278466,2.8051309731651664
O=C(NO)/C(CC(=O)c1ccc(O)cc1)=N/O,-0.05063624219534173,0.1976049458603796,2.658438822643232
CCN(CC)C(=O)[C@@H]1CCCN(c2ccc([N+](=O)[O-])cc2C=C2C(=O)OC3(CCCC3)OC2=O)C1,-0.002380445620825816,0.19763451433430407,3.8308640036861297
C=CCn1c(SCC(=O)c2c[nH]c3ccccc23)nc2scc(C3CC3)c2c1=O,0.08290781444561475,0.19781003901871025,2.6548510197603363
O=C(COc1ccc([N+](=O)[O-])cc1)Oc1cccc(N2C(=O)c3ccccc3C2=O)c1,0.06214265951289865,0.19804638237428548,2.124615591714287
O=C(CSc1n[nH]c(N/N=C/c2cccc3ccccc23)n1)Nc1cccc(Br)c1,0.08741687137209468,0.19841716016080105,2.426213368402525
COCCCN1C(=O)[C@H]2[C@@H](C1=O)[C@H]1C=C(C)c3ccccc3N1[C@H]2C(=O)c1cccc([N+](=O)[O-])c1,-0.009088651211039252,0.19895931717600865,3.8267734722467353
CCn1cc([N+](=O)[O-])c(C(=O)Nc2c(C)nn(Cc3c(F)c(F)c(F)c(F)c3F)c2C)n1,0.03641398823284126,0.1996315577678334,2.899028529726253
O=C(O/N=C(/c1ccncc1)c1ccc([N+](=O)[O-])cc1)c1cc(F)c(F)cc1Cl,0.07890947564036946,0.19969750217869325,2.49179483605114
COc1cc(C=NN2C(=O)[C@H]3[C@@H]4C=C[C@H]([C@@H]3C2=O)[C@@H]2C[C@H]42)ccc1OCc1ccc([N+](=O)[O-])cc1,-0.029647632390617164,0.19984902415828654,4.705426778574754
O=[N+]([O-])c1cc(S(=O)(=O)[N-]/N=C/c2cn(-c3ccccc3)nc2-c2cccs2)ccc1Cl,0.06315240589097187,0.20017707137592164,3.1378763662336366
Cc1cc(C(=O)CSc2nc3scc(-c4ccccc4)c3c(=O)n2C)c(C)n1C[C@@H]1CCCO1,0.06276438960854129,0.20025914475847328,3.0293225455786947
O=C1/C(=C/c2cc([N+](=O)[O-])ccc2OCc2ccccc2F)SC(=S)N1c1ccccc1,0.10395102754927348,0.2002857590277621,2.31686943470363
COC(=O)CC(=O)/C(C(=N)NC(=O)c1ccccc1)=C(\C)[O-],-0.062332300018332586,0.20043764458187602,3.0023392633145267
CS/C([S-])=N\NC(=O)c1cc[n+]([O-])cc1,-0.142791342806322,0.2012374981231548,3.6856032876594513
COc1ccc([N+](=O)[O-])cc1OC(=O)c1cnn(-c2ccccc2F)c1-n1cccc1,0.059923208409908876,0.20190490078545936,2.5064059763296687
N/C(CSc1ccccc1[N+](=O)[O-])=N\O,0.015516657057048062,0.2021916117570438,2.405168390848946
COc1ccc2c(c1)c(C(=O)COc1ccc3c(c1)oc(=O)c1cc(OC)ccc13)c(C)n2C,0.07827454767939993,0.2022574268129236,2.46824455396148
CSc1ccc2nc(N(Cc3ccco3)C(=O)c3cc([N+](=O)[O-])cc([N+](=O)[O-])c3)sc2c1,0.08096822004674684,0.2024733648145424,2.6718048193190143
O=C(CSc1n[nH]c(N/N=C/c2cccc(Br)c2)n1)Nc1nc2ccccc2s1,0.07252973186672679,0.2028405742607068,2.543089536905839
O=C(CSc1n[nH]c(N/N=C/c2ccccc2O)n1)Nc1nc2ccccc2s1,0.04632217206138097,0.2031224578906029,2.5623910753673798
COC(=O)C(=Cc1cccc([N+](=O)[O-])c1)C(=O)OC,0.01587577002211681,0.20333436159060653,2.2843466810810797
O=C(CSc1nnc(-c2ccncc2)n1Cc1ccccc1)c1cc2ccccc2oc1=O,0.07421575383516374,0.2035392383376768,2.3223619018612442
O=c1[nH]c2ccccc2nc1/C(=N\Nc1ccc(I)cc1)[C@@H](O)[C@H](O)CO,-0.050417666989697234,0.2038737027765284,3.5157268489397406
O=C(/C=C/[C@H]1CC=CCC1)Oc1ccc(/C=C2/SC(=S)N([C@H]3CCS(=O)(=O)C3)C2=O)cc1,0.010469923910683349,0.20404543108906267,3.749184578601184
COc1ccc(C(=O)/C(C#N)=C/c2ccc(-c3ccc([N+](=O)[O-])cc3)o2)cc1,0.09451474473063326,0.20427216182061325,2.264538800748351
C=C1CC[C@@H]2[C@@](C)(CO[C@H]3O[C@@H](CO)[C@@H](O)[C@@H](O)[C@H]3O)CCC[C@@]2(C)[C@H]1C/C=C1/C(=O)OC[C@H]1O,-0.09986841979885544,0.20484994607446064,5.153926049931488
COc1ccc(CCn2c(-c3cccc([N+](=O)[O-])c3)nc3c(c(=O)c4ccccc4n3C)c2=O)cc1,0.0556429368031065,0.20499642558869324,2.4646046207755195
O=C(CSc1n[nH]c(N/N=C/c2c(O)ccc3ccccc23)n1)Nc1ccccn1,0.04150662957995945,0.20561181712865145,2.608457074696233
COC(=O)/C(C(C)=O)=C(\C)OC,-0.07071141600491136,0.20626955656973875,2.862173869100145
O=[N+]([O-])/C(c1ccc(Br)cc1)=[N+](/[O-])O,-0.03684505639737933,0.20630070338502352,2.9934448268563787
Cn1cc(/C=N/Nc2nc(SCC(=O)Nc3ccc(I)cc3)n[nH]2)cn1,0.017933443541204366,0.2063332202556224,2.7255753356175063
COc1ccc(C(/N=N/c2cccnc2)=N\Nc2nc3ccccc3nc2Cl)cc1,0.0838223822052815,0.2069771738938744,2.7178621446263023
O=C(Nc1ccc(O)cc1)/C(=C/c1cccc([N+](=O)[O-])c1)NC(=O)c1ccccc1Br,0.08237400001556842,0.20720361409414406,2.236849592196561
COc1ccc(-n2c(SCC(=O)c3c[nH]c4ccccc34)nc3ccccc3c2=O)cc1OC,0.08239472648078136,0.20729096610194397,2.255001657572153
C=CCn1c(SCC(=O)Nc2ccccc2[N+](=O)[O-])nc2sc(C)cc2c1=O,0.06021047442516282,0.2073343759918032,2.4480791422958
Cc1cccn2cc(C)[n+](CC(=O)c3ccc(I)c([N+](=O)[O-])c3)c12,0.0206894607624566,0.207445359747852,3.23482161517883
COc1ccc2cc(COC(=O)Cn3c4ccccc4c(=O)c4ccccc43)c(Cl)nc2c1,0.08687741451245823,0.2078329844116112,2.3451357822402272
COc1cc(/C=C2\SC(=S)N(c3ccccc3C)C2=O)ccc1OC(=O)c1cccs1,0.10398800653892852,0.20795537328066246,2.3859507315744253
[NH3+]CCCCCNC(=O)/C=N/O,-0.24288464977378565,0.2080029853840884,3.5998688341351097
Cc1cc2c(cc1C)[n+](CC(=O)c1cccc([N+](=O)[O-])c1)cn2Cc1ccccc1,0.06996192045722455,0.2086600612060207,2.56505665717258
CC(=O)Oc1cccc(/C=C(\C#N)C(=O)Nc2ccc(Cl)cc2[N+](=O)[O-])c1,0.07132156773830801,0.2088307246943536,2.322454444166503
C/C(=N\Nc1nnc(SCC(=O)Nc2cccc(C)c2)n1N)c1ccc(Br)cc1,0.061509996690497185,0.20885941324953444,2.388737341783889
N/C(=N\O)c1ccc(Oc2ccc(N3C(=O)[C@H]4[C@H]5C=C[C@H](C5)[C@H]4C3=O)cc2)cc1,-0.02798672724382344,0.20889786958389148,4.119228166219268
COc1ccccc1-n1c(SCC#N)nc2c(sc(=S)n2-c2ccc(Cl)c(C)c2)c1=O,0.08696825194310337,0.20892714484935265,2.7463275762814434
C[C@]1(C(=O)NCCCC/C(N)=N/O)CCCO1,-0.08149998458321794,0.20897825946265794,3.263021043921944
Nn1c(N/N=C/c2cccc(Cl)c2Cl)nnc1SCC(=O)Nc1c(F)cccc1F,0.05345293034556967,0.2091879723773796,2.610987219551376
C[C@H](CSc1ccc([N+](=O)[O-])cc1)/C(N)=N/O,0.004500193774180911,0.20928964975071834,2.9050562748334934
O=c1oc2ccc([N+](=O)[O-])cc2cc1-c1cnc(N/N=C/c2ccccc2Cl)s1,0.08097696715058028,0.20959712906043554,2.6703753941810957
Nn1c(N/N=C/c2cccc([N+](=O)[O-])c2)nnc1SCc1ccc(F)cc1,0.04132194983805272,0.20991975142989056,2.4503645232765834
CCCCC[C@H](/C=C/C=O)OO,-0.044307308950448834,0.21035532994815168,3.4762684085509727
CCOC(=O)c1cccc(N2C(=O)/C(=C/c3cc(OC)c([O-])c([N+](=O)[O-])c3)SC2=S)c1,0.03292963306868786,0.21051788893832127,2.8095458755480998
C=CCn1c(SCC(=O)N2N=C(c3ccc(C)cc3)C[C@H]2c2ccco2)nc2ccccc2c1=O,0.05601710650552364,0.2105555897108534,3.010888268514475
CCOC(=O)c1c(C)[nH]c2c1cc(O)c1c2c(-c2ccc([N+](=O)[O-])cc2)nn1-c1ccccc1,0.07505506965083393,0.2108704971078155,2.703311861653784
CCOc1ccc(N2C(=O)/C(=C/c3ccc(-c4ccc([N+](=O)[O-])cc4OC)o3)C([O-])=NC2=S)cc1,0.033769621414362336,0.21100837741450365,2.9521562919887003
O=C1O[C@@H]([C@@H]2OC(=O)C([O-])=C2C(=O)c2ccccc2Cl)C(=C([O-])c2ccccc2Cl)C1=O,-0.06625037039946459,0.2111363893320167,4.103982605574212
O=c1c2cn[nH]c2nc(SCc2cccc([N+](=O)[O-])c2)n1-c1cccc(C(F)(F)F)c1,0.06616897681980265,0.21127001061735332,2.57165914126818
O=C(COC(=O)c1ccc2c3c1[C@H]1C=CC[C@H]1CN3C[C@@H]1CC=C[C@@H]21)c1ccc([N+](=O)[O-])cc1,-0.6011249990342976,0.21133829085507705,4.09893014081292
CN/C([O-])=C(\C#N)C(=O)c1ccc(N2CCCC2)c([N+](=O)[O-])c1,-0.03875043445434384,0.2116905418295008,2.911603509237569
CCCCN1C(=O)/C(=C2/C[C@H](c3cccc([N+](=O)[O-])c3)Sc3ccccc3N2)C(=O)NC1=S,-0.06573288994086622,0.21190938340460988,3.2991733967145014
CCCCN1C(=O)/C(=C2/C[C@@H](c3cccc([N+](=O)[O-])c3)Sc3ccccc3N2)C(=O)NC1=S,-0.06573288994086622,0.21190938340460988,3.2991733967145014
CCOc1ccc(/C=C2\SC(=S)N(CC(=O)Nc3cc([N+](=O)[O-])ccc3O)C2=O)cc1,0.057070832269458825,0.2119717692674948,2.348182236697209
O=C(NC(=S)Nc1ccc2oc(=O)ccc2c1)c1ccc(-c2cccc([N+](=O)[O-])c2)o1,0.06678742328303322,0.2123378897071522,2.4161510812247755
CN1C(=S)S[C@H](/[N+]([O-])=C/c2ccc([N+](=O)[O-])cc2)C1(C)C,-0.02817341633191705,0.2123559906500209,3.7657807572855946
CCN(CC)C(=O)CSc1nc2c(sc(=S)n2-c2ccccc2)c(=O)n1-c1ccccc1,0.07991483170929066,0.21240676573902284,2.4984198996233253
N#C/C(=C\c1ccc(OC(=O)/C=C/c2ccco2)cc1)c1nc([O-])c2ccccc2n1,0.04309794152766245,0.2124095857152316,2.9651452420639366
O=C(CSc1nnc2ccc(-c3cccnc3)nn12)c1cccc([N+](=O)[O-])c1,0.04873826755134685,0.2126730736883891,2.412523783978901
C/C(=N/Nc1nc(SCC(=O)Nc2nc3ccccc3s2)n[nH]1)c1ccc2c(c1)OCO2,0.04711389752028311,0.21330049745499724,2.6655627243926627
CC(=O)N(c1nc(/C=C(\C#N)C(=O)c2c[nH]c3cc(Cl)ccc23)cs1)c1ccc(F)cc1F,0.08601364708893508,0.21346364942778007,2.9047958948964485
O=C(Nc1ccccc1F)C(=Cc1csc(-c2ccsc2)n1)C(=O)Nc1ccccc1F,0.0959333600048145,0.21355701884134948,2.5841272942354028
N#C/C(=C/c1ccc(-c2cc([N+](=O)[O-])ccc2Cl)o1)c1nnc(NC(=O)c2ccccc2)s1,0.08814624319394207,0.21426130977370086,2.6402439913883
Cc1cc(/C=C(\C#N)C(=O)NCc2ccccc2)c(C)n1-c1ccc(N2CCCCC2)c([N+](=O)[O-])c1,0.07542340412860002,0.2148223461631856,2.5341896886488238
Cc1ccc(C(=O)NC(=S)Nc2cc([N+](=O)[O-])ccc2O)cc1I,0.07122418532134839,0.2148526051697464,2.2825236915639824
Cc1ccc(/C([O-])=C(\C#N)C(=O)c2ccc([N+](=O)[O-])cc2)s1,0.01741031930034329,0.21505382628747785,2.866437972571372
COC(=O)C(C(=O)CSc1nc2nc(C)cc(C)n2n1)=C1Nc2ccccc2N1,0.007718790714695869,0.2151760264724044,2.9305120134536837
C=CCOc1c(I)cc(C=C2C(=O)N(C)C(=S)N(C)C2=O)cc1OC,0.019566387403521245,0.2168276757568335,2.7900034749826115
O=C(C1=C([O-])C(=O)N(c2nnc(SCc3ccccc3F)s2)[C@@H]1c1ccco1)c1ccccc1,0.0302300980501472,0.2171021900649045,3.3198618713486545
C=CCOc1cccc(/C=N/NC(=O)Cn2c3ccccc3c(=O)c3ccccc32)c1,0.0657997113896244,0.21716866377262106,2.3148713959100906
COCCNC(=O)c1cccc2c1N[C@@H](c1c3ccccc3cc3ccccc13)[C@@H]1CC=C[C@H]21,0.06674721732736369,0.21723969624897133,3.4751200034925027
COCCNC(=O)c1cccc2c1N[C@H](c1c3ccccc3cc3ccccc13)[C@H]1CC=C[C@@H]21,0.06674721732736369,0.21723969624897133,3.4751200034925027
COc1ccc(C(=O)CSc2nc3nn(-c4ccccc4)c(=O)c-3c3n2CCCCC3)c(OC)c1,-0.0450284630869786,0.21735373924135248,2.636851153421468
Fc1c(F)c(F)c(/C=N/OCc2cc(-c3ccccc3)no2)c(F)c1F,0.0795387428977356,0.21763408352573893,2.7085997739736705
N/C(=[NH+]/NC(=S)N1CCN(c2ccccc2)CC1)c1cncc(N2CCc3ccccc3C2)n1,-0.03814353993250902,0.21781587035001532,3.1011146308845543
[N-]=[N+]=NC[C@H](NC=O)C(=O)[O-],-0.4249756591184229,0.21837337077431385,4.594159640638339
Cc1ccc(NC(=O)CSc2ncnc3c2cnn3-c2ccccc2)c([N+](=O)[O-])c1,0.0656168053468289,0.21842481889764206,2.3121799361371185
Cc1ccc(-n2c(SCC(=O)N/N=C\c3ccccc3)nc3ccccc3c2=O)cc1,0.0762242179423529,0.2184602991482464,2.0842837036023987
O=C(COC(=O)c1cccc(N2C(=O)[C@H]3[C@H]4CC[C@H](C4)[C@H]3C2=O)c1)c1cccc([N+](=O)[O-])c1,-0.018344907797655404,0.21852846515449292,4.1130071063238525
CC[C@@H](C(=O)Oc1ccc(C=C2C(=O)c3ccccc3C2=O)cc1)N1C(=O)C2=CC=CC[C@@H]2C1=O,0.008194621991909628,0.2186749795601288,3.6799560798137545
COCCN/C(CC12CC3CC(CC(C3)C1)C2)=[NH+]\N,-0.5368773925444558,0.21869958504852202,4.545921257220543
CSc1ccc(/C=N\N2C(=S)SC(C)(C)[C@H]2N(O)C(=O)Nc2ccccc2)cc1,0.059259389669122566,0.21885545152223326,3.299937223209815
CCCSC[C@@H](C)/C(N)=N/O,-0.07732251526193562,0.21937889726464044,3.353911895280248
N/C(CCCSC1COC1)=N/O,-0.1014595922131249,0.21943592572292145,3.1558940089602854
C/C=C(\C)[C@H]1C(C)=C[C@H]2CC[C@@H](OS(=O)(=O)[O-])[C@@H](C)[C@H]2[C@H]1/C=C/C=C/C(=O)[O-],-0.0970360878063262,0.21973065201912365,5.4923986769900965
C=CCn1c(S[C@@H](C)C(=O)Nc2nc(-c3ccc(F)c(F)c3)cs2)nc2sccc2c1=O,0.06410489886506379,0.21987620718273093,3.057903274853757
Cc1cccc(C)c1NC(=O)CSc1nc2c(sc(=S)n2-c2ccc(Cl)cc2)c(=O)[nH]1,0.09145496425796018,0.21992337966645054,2.602698398562609
O=C(CSc1nnc(-c2cccnc2)n1-c1ccccc1)N/N=C/c1c[nH]c2ccccc12,0.06084997727066986,0.21993238958158634,2.4477908099193133
C[NH+](C)CCCNC(=O)/C(=N/O)c1csc(N)n1,-0.1930150973423244,0.2200753870063208,3.8220490209683664
C=C(C)Cn1c(SCC(=O)N/N=C/c2ccccc2)nc2ccccc2c1=O,0.059131376263758986,0.2202155249455782,2.254516967739587
O=C(C[n+]1cccc(C(=O)N/N=C\c2cccc([N+](=O)[O-])c2)c1)c1ccccc1,0.03312435061862012,0.2203105382935286,2.4352810475638584
O=C1CCCC2=C1[C@@H](c1ccc(O)c(O)c1)n1nc(SCc3ccc([N+](=O)[O-])cc3)nc1N2,0.02109203547461481,0.22101131123160933,3.4593252947135493
Cc1ccc(C(=O)N/N=C\c2cccc(OC(=O)c3ccc([N+](=O)[O-])cc3)c2)cn1,0.05825582835442414,0.2210287994677648,2.216376295181629
COC(=O)c1ccc(N/C(=N/c2cccc(SC)c2)[n+]2sc(C)cc2N)cc1,0.03901094838984552,0.22143839505055432,3.2282942048379297
N/C(=[NH+]/CCCN1C(=O)[C@H]2[C@@H]3C=C[C@@H](C3)[C@@H]2C1=O)N1CCCC1,-0.2149663809613195,0.2214385088423443,5.117196201596384
C=CCN1C(=O)/C(=C/c2ccc(OC(=O)c3ccc(C)cc3)c(OC)c2)SC1=S,0.08928963144362695,0.2214962095224669,2.286921331777636
CCc1c(C)nc(SCC(=O)NN)[nH]c1=O,-0.07810428046115023,0.22159075214518573,2.6467352374234654
O=C(NC(=S)Nc1ccc([N+](=O)[O-])cc1O)c1ccccc1I,0.06715516641566548,0.22161650711281325,2.2406672455013066
Cc1ccc2cc(/C=N/NC(=O)/C([O-])=N/c3nnc(-c4ccccc4)s3)c(Cl)nc2c1,0.024802470610837155,0.2220255032870828,3.017348128840081
C=CCn1c(SCC(=O)c2c[nH]c3ccccc23)nnc1-c1ccc2ccccc2n1,0.0894419347150259,0.22205692335704827,2.439563720508568
Cc1csc(Sc2ccc([N+](=O)[O-])cc2C(=O)OCc2cn3cc(Cl)ccc3n2)n1,0.08024899476860647,0.22210264036828464,2.763411770294752
N/C(=N/OC(=O)/C=C\c1csc([N+](=O)[O-])c1)c1ccc(Cl)cc1,0.0478423772152248,0.2221090665563056,2.7008703018199887
O=C(Oc1ccccc1)c1ccc(N2C(=O)c3cccc([N+](=O)[O-])c3C2=O)cc1,0.0744239392630429,0.22214111332440767,2.067793626962125
COc1ccc(-c2nn(-c3ccccc3)cc2/C=C(\C#N)C(=O)c2ccccc2)cc1OC,0.0945191580222759,0.22226304092452506,2.273294648636986
Nc1c(NNC(=O)C(c2ccccc2)c2ccccc2)ncnc1Sc1cccc2cccnc12,0.07192123312614278,0.22240466918527527,2.593101366747506
O=C1O[C@@H]([C@@H]2OC(=O)C([O-])=C2C(=O)c2ccccc2)/C(=C(/[O-])c2ccccc2)C1=O,-0.0961998252082088,0.2225175733727328,3.983032033778602
O=c1oc2ccc([N+](=O)[O-])cc2n1CCCOc1cccc[n+]1[O-],-0.004856844605897664,0.22273041251775155,2.7962242067049505
CCOC(=O)c1c(C[S@](=O)Cc2ccc(Cl)cc2)oc2c(F)c(F)c(F)c(F)c12,0.06002168053246721,0.22304120592735605,3.3768735425866403
CN(/C(N)=[NH+]/N)C1CCC(C)(C)CC1,-0.21286748126262034,0.22306971517465965,3.759788277999831
C=CCN/C(C)=[NH+]/Nc1ccc([N+](=O)[O-])cc1[N+](=O)[O-],-0.09440261467242754,0.2231237506724436,3.400702974878617
O=C(COC(=O)/C(=C/c1ccc(Cl)cc1)c1ccc(F)cc1)Nc1ccc2[nH]c(=O)[nH]c2c1,0.06984637737525505,0.2232624748443051,2.3852479193752067
O=C(c1ccc(N2CCCC2)c([N+](=O)[O-])c1)N1CCN(c2c(F)c(F)c(F)c(F)c2F)CC1,0.05391643517989185,0.2232978273991532,2.5222231248571223
CC(=O)c1sc(N2C(=O)c3oc4cc(C)c(C)cc4c(=O)c3[C@H]2c2cccc([N+](=O)[O-])c2)nc1C,0.05334124035626056,0.22352689850326984,3.136278672170226
CCCCC[C@@H]1C[C@@H](O)C=C(C)[C@@H]1C(=O)NN,-0.08574478712191458,0.22401779614466166,3.8528640280270983
COc1ccc(-c2cc(-c3ccccc3)cc(-c3ccc([N+](=O)[O-])cc3)[o+]2)cc1,0.1322357996764105,0.22439982449759013,2.3346412951476
COc1ccc(-c2onc(C(=O)c3ccc([N+](=O)[O-])cc3)c2S(=O)(=O)c2ccccc2)cc1,0.07033281070680249,0.2245188152919324,2.3433929064403043
C[C@@H](Sc1nnc(C2CCCCC2)n1N)C(=O)Nc1nc(-c2cccc([N+](=O)[O-])c2)cs1,0.0442705884597902,0.2250529332088804,3.0206896653863016
O=C(CSc1n[nH]c(N/N=C/c2ccc(O)cc2O)n1)Nc1c(F)cccc1F,0.025572012443788667,0.2252263278671771,2.7002403436600613
NNC(=O)CSc1cc(F)ccc1N,-0.02151226664368544,0.2252311519306785,2.301970464234648
C[C@H](C/C(N)=N/O)[NH+](C)CCSc1ccccc1,-0.13100717634354533,0.2254852815298988,4.207386394065294
O=C(CSc1n[nH]c(N/N=C/c2ccc(O)cc2O)n1)Nc1ccc(Cl)cc1,0.042960307713448366,0.2258179691811225,2.5337748523549717
O=C1C(=O)N(CC[NH+]2CCOCC2)[C@@H](c2cccc([N+](=O)[O-])c2)/C1=C(\O)c1cccs1,-0.06332007690601653,0.22585581506734576,3.9794957605357433
CC[C@@H](C)[NH+](CC)C/C(N)=N/O,-0.3834544092613326,0.22625366948259584,5.273955110126376
COC(=O)c1c(NC(=O)CSc2ncnc3sc(-c4ccccc4)cc23)sc(C)c1C,0.09724413075997354,0.22637179585410586,2.4811273050009994
O=C(c1c[nH]c2ccccc12)[C@@H](Sc1ncnc2sccc12)c1ccccc1,0.09917336965411626,0.2266174489905837,2.8738618667405014
CCNC(=S)N/C(=N/O)c1ccccn1,-0.046234866062134936,0.2267395417286075,2.7519111407819388
COc1ccccc1NC(=O)CSc1nc2c(sc(=S)n2-c2ccc(Cl)cc2)c(=O)[nH]1,0.08116230571999693,0.22692142763742304,2.5151888434625373
O=C([O-])CCCN1C(=O)C(=O)/C(=C(/O)c2ccc(Cl)cc2)[C@@H]1c1ccccc1[N+](=O)[O-],4.6220720242619175e-05,0.2271207369270607,3.0435238785941543
COc1ccc(C(C)=O)cc1CSc1nc2nn(-c3ccccc3)c(=O)c-2c2n1CCCCC2,-0.03622417181203385,0.22768546115241345,2.64693682240732
Cc1ccc(N2C(=O)[C@@H]3[C@H]4c5ccccc5C=CN4[C@H](C(=O)c4cccc([N+](=O)[O-])c4)[C@@H]3C2=O)c(C)c1,0.0220673551544012,0.2277351380901235,3.7646296725169055
Cc1ccc(-n2c(S[C@@H](C)C(=O)Nc3ccc([N+](=O)[O-])cc3)nnc2-c2ccncc2)cc1C,0.06669993096972178,0.2282199134853904,2.7662913748808378
O=C(OCCN1C(=O)c2cccc3c(N4CCCCC4)ccc(c23)C1=O)c1ccc([N+](=O)[O-])cc1,0.06224740831022426,0.2284418892832409,2.3859532935585577
COc1ccc2sc(N(Cc3ccccn3)C(=O)/C=C/c3ccc([N+](=O)[O-])cc3)nc2c1,0.07959911584492492,0.2285083606241741,2.464308397914332
O=C(CSc1n[nH]c(N/N=C/c2cc(Br)ccc2O)n1)Nc1cccc(Cl)c1,0.06912257792456611,0.2293407811355555,2.5373748523549704
Nn1c(N/N=C/c2ccco2)nnc1SCC(=O)Nc1ccc(Cl)cc1Cl,0.044077004312200116,0.2296294214719393,2.557469018781079
Cc1cc(C)cc(NC(=O)c2c(N)n(/N=C/c3ccc(O)c(O)c3)c3nc4ccccc4nc23)c1,0.055663904760137946,0.22968349543357744,2.658175601250866
Cc1cc(C(=O)N/N=C/c2ccc(OC(=O)/C=C\c3ccco3)cc2)[nH]n1,0.02902777895425988,0.22972635942013656,2.678417086098378
CC[NH+]1CCC[C@@H]1CN(C)/C(N)=N/O,-0.3854295297139551,0.2297990975018173,5.502254144858633
Cn1c(SCc2ccc3c(c2)OCO3)nc2c(sc(=S)n2-c2ccc(Cl)cc2)c1=O,0.08677535763846479,0.2298411571161805,2.612169739357153
O=[N+]([O-])c1cc(/C=N/Nc2c(F)c(F)c(F)c(F)c2F)ccc1[O-],0.012888981111566595,0.2301533773696499,3.1413082847592486
O=C(CSc1nnc(/N=C(\[O-])C2=C(c3ccccc3)SCCO2)s1)c1ccccc1,0.04064510168729464,0.2304252125206912,3.0950738579130146
CCn1c(SCc2cc(=O)oc3ccc4ccccc4c23)nnc1-c1ccco1,0.09409091964564416,0.23060985863670266,2.4613565052316333
CC1CC[NH+](CCCNC(=O)C(=O)Nc2c(F)c(F)c(F)c(F)c2F)CC1,-0.05639016806368247,0.230683703672688,3.6987784381288527
COc1ccc([N+](=O)[O-])cc1-c1ccc(/C=C(\C#N)C(=O)Nc2cccc(Br)c2)o1,0.09353339811687332,0.2307915823771386,2.43271469207885
C[C@@H]1C[NH+]([C@@H](C)/C(N)=N/O)C[C@@H]1C,-0.4033840330424264,0.2308466820421265,5.7257850953790586
CC(=O)c1ccc(N2C(=O)/C(=C/c3cccc([N+](=O)[O-])c3)N=C2c2cccc([N+](=O)[O-])c2)cc1,0.0666321570624489,0.2311338553028193,2.5162714567954865
O=[N+]([O-])c1cccnc1Sc1ncn(-c2ccc3c(C(F)(F)F)cc(C(F)(F)F)nc3n2)n1,0.04813033920179703,0.2313099929151077,3.17509970981063
O=[N+]([O-])c1cccc(-c2nnc(SCc3nc4ccccc4[nH]3)n2-c2ccccc2)c1,0.0931258222186721,0.2316234641072342,2.272025258970107
COc1cc([C@H]2NC(=S)NC(C)=C2C(=O)N/N=C/c2cccc([N+](=O)[O-])c2)ccc1O,-0.00015013197332603852,0.2317690569428771,3.078874037491346
CC(NCCC[NH+]1CCCCCC1)=C1C(=O)NC(=S)NC1=O,-0.30608383663124444,0.23178003603951114,4.017327823687997
COc1ccccc1OCCn1cc(/C=C2/SC(=S)N(c3ccccc3)C2=O)c2ccccc21,0.10617938395741466,0.2320831219091692,2.3221754980174225
COc1ccc(N2C(=O)/C(=C\c3ccc(-c4ccc([N+](=O)[O-])cc4)o3)SC2=S)cc1,0.10014341815675608,0.23212161498795825,2.324156385679368
CCOc1ccc([C@H]2[C@@H](N3C(=O)c4cccc([N+](=O)[O-])c4C3=O)C(=O)N2c2ccc(C)cc2)cc1,0.031848130803806,0.2321322326722469,3.193370179999283
COc1ccc([N+](=O)[O-])cc1-n1c(C)cc(/C=C2/C(=O)N(c3cccc(F)c3)C(=S)N=C2[O-])c1C,0.02854625638012156,0.2322068619510702,3.0394179089431743
O=C(CSc1nnc(-c2ccc([N+](=O)[O-])cc2)o1)Nc1nc2ccc(Br)cc2s1,0.08936668485077716,0.2324296588533448,2.36512608926914
COc1c(Br)cc(/C(N)=N\OC(=O)c2cccnc2SC)cc1Br,0.06666430829632729,0.23287445761009554,2.6492992375564515
Nc1nc(SCC(=O)Nc2cccc(C(F)(F)F)c2)[nH]c(=O)c1NC(=O)c1ccc(F)c(F)c1,0.046468048874627035,0.2328912125405682,2.56011359862649
O=C1OC(c2ccc(I)cc2)=N/C1=C\C=C\c1ccccc1[N+](=O)[O-],0.07313945747588768,0.2329527512988623,2.6248310844973357
C/C(=N\NC(=O)c1cc(-c2cccs2)nc2ccccc12)c1ccc(NC(=O)c2cccnc2)cc1,0.09238768540173667,0.2329715557951021,2.3439399666061576
COc1cc(/C=C2\N=C(c3cccc([N+](=O)[O-])c3)OC2=O)cc(OC)c1OC(C)=O,0.038217504824014516,0.23300273134666666,2.485276257019933
C=CCSc1nc2ccccc2c(=O)n1-c1ccc([N+](=O)[O-])cc1,0.08379093778872299,0.2333860287431028,2.165825111682328
Cc1cc(C(=O)COC(=O)c2ccc([N+](=O)[O-])cc2Cl)c(C)n1-c1ccc2c(c1)OCO2,0.07200399865428876,0.2334202282375836,2.416681534962919
Cc1nc2c3ccccc3nc(SCCCn3c(=O)c4c(ncn4C)n(C)c3=O)n2n1,-0.003814421988843461,0.2336207496200595,2.745453528777224
O=C(NC(=S)Nc1ccc(-c2nc3ccccc3s2)c(O)c1)c1ccc([N+](=O)[O-])cc1,0.08476761611730066,0.2342188233581449,2.3094727595464537
C=CCn1c(SCC(=O)N(CC)c2cccc3ccccc23)nc2sccc2c1=O,0.08473544486390143,0.2343237575242972,2.5195309200369387
O=c1cc(CSc2nnnn2-c2ccc(Cl)cc2)c2c(ccc3ccccc32)o1,0.09366491412145377,0.23447899434795705,2.330847545955616
O=C(OCc1cc(=O)oc2ccc3ccccc3c12)[C@@H]1CS[C@@]2(c3ccc(F)cc3)CCC(=O)N12,0.03388587388156887,0.2346181688708631,3.5201843149449616
COc1cc([N+](=O)[O-])ccc1-c1ccc(/C=N/N2C(=O)[C@@H]3[C@@H](C2=O)[C@H]2C=C[C@@H]3C23CC3)o1,-0.054682438217181134,0.2346612589360064,5.197397325853932
CCn1c(SCC(=O)Nc2cccc(C(C)=O)c2)nc2scc(-c3ccccc3)c2c1=O,0.09291879592520172,0.2348709105849979,2.2389764507644916
Cc1ccccc1NC(=O)CSc1n[nH]c(N/N=C/c2cccc3ccccc23)n1,0.08003107828135116,0.23512149325271856,2.3470228089619667
C[C@@H]([C@@H](C)C(=O)NN)[NH+](C)C[C@@H](C)O,-0.4064260221924248,0.2351522578657925,5.286494877410142
COc1ccc(-c2cc(-c3ccccc3)cc(-c3ccc(I)cc3)[o+]2)cc1,0.1591667582044426,0.2352637394319409,2.353695971575119
CCn1c(C)cc(C(=O)CSc2nc3scc(-c4cccs4)c3c(=O)n2C)c1C,0.08797806178048423,0.23527906000089205,2.6247144941707976
C[C@@H](OC(=O)c1cc(-c2ccc(Br)cc2)n[nH]1)c1nnc(-c2ccc([N+](=O)[O-])cc2)o1,0.05975959217334961,0.2359427806470108,2.9623415647315468
CCn1c(S[C@H](C)C(=O)Nc2ccc(F)c([N+](=O)[O-])c2)nc2ccc(Br)cc2c1=O,0.060645209467918,0.2359994516041995,2.7750491486856923
C=CCN1C(=O)c2ccc(C(=O)OCC(=O)C(C#N)=C3Nc4ccccc4N3)cc2C1=O,0.016557694356607047,0.2360636156558548,2.7584032808574754
O=C([O-])/C(=C/c1ccc([N+](=O)[O-])cc1)Sc1nnc2c(n1)[nH]c1ccccc12,0.004444416609171461,0.2362476321740409,2.9975933138934323
CCCCNC(=O)CSc1nc2n[nH]c(C)c2c(N)[n+]1-c1cc(Cl)ccc1C,0.016407872864319963,0.23626722486854146,3.18214363933722
O=C(C[n+]1c(-c2ccccc2)cn2ccccc21)c1cccc([N+](=O)[O-])c1,0.05175793879795164,0.2364612998534661,2.7428141275184945
COc1cc([N+](=O)[O-])ccc1-c1ccc(/C=C2/C(=O)N(c3cc(C)cc(C)c3)C(=S)N=C2[O-])o1,0.035601642927960336,0.2364798806675153,3.055151468855096
CC(=O)O[C@H]1CC[C@]2(C)C(=CC[C@H]3[C@@H]2CC[C@@]2(C)C(/C(C)=N\O)=CC[C@H]32)C1,0.020382828337405425,0.2365183181681514,4.368483863396223
COC(=O)c1ccc([C@H](C)Sc2nc3cc(Cl)ccc3c(=O)n2Cc2ccco2)o1,0.06455648016723571,0.2366262585240876,3.0134838909878665
C/C(=N\Nc1nnc(SCC(=O)Nc2ccc(C)c(C)c2)n1N)c1ccccn1,0.031170868341372088,0.2366626282059543,2.506640718894584
Cc1cc(=O)oc2cc(OCCSc3cccc[n+]3[O-])ccc12,0.04520499216569945,0.2366726335860637,2.5883215911556507
CSc1nn(-c2ccccc2)cc1/C(N)=N/OC(=O)Nc1ccccc1,0.05953126491883449,0.2367175368064217,2.4886602586944293
O=C1[C@@H]2C3c4ccccc4C(Br)(c4ccccc43)[C@H]2C(=O)N1c1ccccc1[N+](=O)[O-],0.015947290603693938,0.23674205269079365,3.9680774229659392
NC(=S)N/N=C\CC(O)(C(F)(F)Cl)C(F)(F)Cl,-0.07566543448674606,0.23681049256661826,3.76228416425814
N/C(=N/O)[C@@H]1CCCC2=c3ccccc3=[NH+][C@@H]21,-0.26575670155464715,0.2368615337088716,4.640649543634499
Nn1c(N/N=C/c2cccc(Cl)c2)nnc1SCC(=O)Nc1nccs1,0.023063819376238363,0.2369355329070301,2.5905661048482767
O=C(CCN1C(=O)[C@@H]2C3c4ccccc4C(c4ccccc43)[C@H]2C1=O)Oc1ccc2ccccc2c1,0.028041308911473304,0.2370326047237984,3.8464186060496193
N/C(=N/OC(=O)Nc1csc(-c2cccc(Cl)c2Cl)n1)c1ccc(Cl)cc1,0.11075690745508,0.23719794064230715,2.5507881075870102
COC(=O)/C(C(C)=O)=C(\C=C\C=C\[NH+](C)C)N(C)C,-0.16781301421092015,0.2375872220971417,4.295162601295317
C[C@@H]1CCc2c(sc3nc(Sc4ccc(C(N)=O)cc4[N+](=O)[O-])n(Cc4ccco4)c(=O)c23)C1,0.03946984546983655,0.2376898725196975,3.1944000287269905
Cc1ccc(/C=N/Nc2nnc(SCC(=O)Nc3cccc(F)c3C)n2N)cc1,0.043318452405407576,0.2377494400424828,2.41872608474824
O=C(/C=C/c1cnc2ccccc2n1)Oc1cc(F)ccc1[N+](=O)[O-],0.06122168615821469,0.2378844234587197,2.40583368471402
COc1ccccc1[C@@H]1CC(=O)c2cn3nc(SCc4ccc([N+](=O)[O-])cc4)nc3nc2C1,0.0385271144158568,0.23796099178458274,3.1740226588275995
COc1ccc(C(=O)CSc2nc3sc4c(c3c(=O)n2-c2ccccc2)CCC4)cc1,0.09321643446276033,0.23804056393044695,2.2164529343716275
O=C(NNc1ncnc(Sc2ccc(Cl)cc2)c1[N+](=O)[O-])c1cccc2ccccc12,0.08945394358817528,0.2381621353189335,2.4182748358409434
COCCCC(=O)Nc1cc(/C(N)=N/O)ccc1C,0.03790892842870319,0.23832449923563345,2.0112001269564708
CCCCSc1nnc(/N=C([O-])/C(C#N)=C/c2ccc(Cl)cc2)s1,0.053373219014469286,0.2384060394893641,3.0702131207321
Cc1nnc(/N=C([O-])/C(Cc2ccccc2)=C2/SC(=S)N(Cc3ccccc3)C2=O)s1,0.03635569985283976,0.2384282692222801,3.0316999006637637
C[C@@H](CC(=O)NN)[NH+](C)CC(C)(C)O,-0.3649943052144201,0.23844822327087584,4.88675616915013
Cc1nn(C)c(C)c1C(=O)C(=O)Oc1ccc2c(C)cc(=O)oc2c1,0.02775031204833165,0.23868632446889465,2.489736530294289
COc1c(I)cc(/C=C/C(=S)N2CCOCC2)cc1[N+](=O)[O-],0.03216237114044432,0.2388892269150541,2.8505715286873885
C=CCN1C(=O)/C(=C\c2ccc(OC(=O)c3ccco3)c(OC)c2)SC1=S,0.06879487844507512,0.2390621562898093,2.4812585529311395
COC(=O)[C@H]1Cc2ccccc2CN1C(=O)CSc1ncnc2scc(-c3ccccc3)c12,0.053198973759138235,0.239090019574056,2.962691712471324
COc1c(F)c(F)c(C(=O)NC(=S)Nc2cccc(-c3nc4ncccc4o3)c2C)c(F)c1F,0.06339009770740966,0.2392460878382941,2.811497459035128
O=C(OCc1cc(=O)oc2cc(O)c(O)cc12)c1nn(-c2ccccc2)c(=O)c2ccccc12,0.04261760230830796,0.2392976017569391,2.4531140028115974
COC(=O)[C@H]1[C@H](c2ccc([N+](=O)[O-])cc2)C2(C(=O)c3ccccc3C2=O)[C@@H]2C=Cc3ccccc3N21,0.003649676681738224,0.2393135918937751,4.098149127651242
Nn1c(N/N=C/c2cccc(Cl)c2)nnc1SCC(=O)Nc1ccccn1,0.025957365840669808,0.2393925175342453,2.4704833582877264
O=C(CCCn1c2ccccc2c(=O)c2ccccc21)N1CCN(c2ccc([N+](=O)[O-])cc2)CC1,0.06630667934865561,0.23950576855729244,2.2678799424542166
Cc1csc(NC(=O)CSc2nnc(N/N=C/c3ccc(C)o3)n2N)n1,0.004033530497214442,0.2397135642581064,2.7452182628524344
[N-]=[N+]=[NH+]Cc1ccccc1[N+](=O)[O-],-0.13770317427696468,0.2400965001480352,3.5406166730857485
Cc1ccc(C(=O)NN)cc1N,-0.004223330059460277,0.24015872793252874,1.9135083883309143
O=C(Cn1c2ccccc2c(=O)c2ccccc21)N/N=C/c1ccc([N+](=O)[O-])cc1,0.057151274388507874,0.2401933608877348,2.2044101686952584
COc1ccc([N+](=O)[O-])cc1-c1ccc(/C=N/N2C(=O)[C@H]3[C@H]4C=C[C@H](CC4)[C@H]3C2=O)o1,-0.032283306765829245,0.24024393107805395,4.573044048308863
O=C([O-])CCCN1C(=O)C(=O)/C(=C(\O)c2ccccc2)[C@H]1c1ccc([N+](=O)[O-])cc1,-0.011010024435715944,0.24036067113445445,2.940324091609357
COCCCC(=O)N1CCC(/C(N)=N/O)CC1,-0.02057911771340117,0.2403765543962104,2.2891353216114236
CC(=O)c1cccc(NC(=O)[C@H](Sc2nc(-c3ccccc3)cn2N)c2ccccc2)c1,0.07206808418960339,0.24038665381095056,2.7139373885661318
CC(=O)c1ccc(NC(=O)[C@H](C)Sc2ncnc3sc(-c4ccccc4)cc23)cc1,0.09538195104035913,0.2405669925631085,2.6820618979330413
O=C1/C(=C\c2ccc(-c3cccc([N+](=O)[O-])c3)o2)SC(=S)N1c1cccc(F)c1,0.1027275603602396,0.2406267755741816,2.4210005688007747
O=C(c1cccc([N+](=O)[O-])c1)[C@H]1[C@@H]2C(=O)N(c3ccc(F)cc3)C(=O)[C@@H]2[C@@H]2C=Cc3ccccc3N21,0.013399752350249742,0.2406427590716135,3.692494310037157
O=C(c1c(F)c(F)c(F)c(F)c1F)N1CCN(c2ccc([N+](=O)[O-])cc2Cl)CC1,0.0652096550388068,0.2409951373475228,2.459919951107024
COC(=O)/C(=N/Nc1ccc(Cl)cc1)Sc1nnnn1-c1ccccc1,0.04732966650384313,0.2411699343019225,2.487630104848277
COc1cc(N)ccc1S[C@H](C)CC(=O)NN,-0.0396573333617523,0.24120451526326106,2.989502763127808
COc1ccccc1-n1c(SCC(=O)Nc2ccc([N+](=O)[O-])cc2)nc2c(c1=O)SCC2,0.049656968902966656,0.24126800439020826,2.492141962176156
O=C(Nc1ccc(CSc2ncn[nH]2)cc1)c1sc2c([N+](=O)[O-])cccc2c1Cl,0.08988561947437718,0.2414983767152577,2.57213109390306
C/C(=N/[n+]1c(-c2ccc(C)cc2)csc1Nc1ccccc1C(F)(F)F)c1ccc(C)cc1,0.1156113424446974,0.2416349688346367,2.8598871992442727
F[N+]12CC[N+](CCl)(CC1)CC2,-0.3795079323956625,0.2416521640202044,5.6689081778197385
N#Cc1ccc(NCC/N=C(\O)c2ncccc2O)c([N+](=O)[O-])c1,0.007499738318996174,0.2416697291296869,2.7690390037603976
COC(=O)c1c[n+](-c2ccc([N+](=O)[O-])cc2)cc2c(O)n(-c3ccccc3C)nc12,0.01897605274398052,0.24178330470394885,3.0415135931777506
NC(=S)N/N=C1C(=N/N=C(\N)[S-])\Sc2ccccc2\1,-0.11308974627179262,0.2417915350942709,3.8505284790832968
N/[NH+]=C(/N)SC[C@H]1C[C@H]2CC[C@@H]1C2,-0.386963143192756,0.2418696608884575,5.625025425409487
O=C(CCSc1ccc([N+](=O)[O-])cc1)Oc1ccc(Br)cc1,0.12641850853780942,0.2428461788094223,2.0312064837376247
Nn1c(N/N=C/c2ccco2)nnc1SCC(=O)Nc1ccc(F)cc1F,0.017016770241574466,0.2428585274794155,2.5687167710288303
O=[N+]([O-])c1ccc(-c2nnc(CSc3nc(-c4ccc(F)cc4)cs3)o2)cc1,0.10519223159892553,0.2430289533660434,2.3328793395344576
O=C(Oc1ccc(/C=N/Nc2nc3ccccc3s2)cc1)c1cccnc1,0.0936425925095776,0.2431058991533125,2.190480577222637
Cc1ccc(-n2c(S[C@@H](C)C(=O)Nc3ccc([N+](=O)[O-])cc3)nnc2-c2ccco2)cc1,0.0706078831791907,0.2431497653735144,2.7090796907455577
Cc1cc(OC(=O)c2oc3c(c2C)/C(=N/NC(N)=[NH2+])CCC3)cc(C)c1Cl,-0.019817985114678645,0.2431510167224695,3.2473831343951947
COC(=O)c1ccc(COc2ccc3c(c2)O/C(=C\c2ccc([N+](=O)[O-])cc2)C3=O)cc1,0.08082633845825099,0.2434794921601265,2.269964447383257
C/C(=N\Nc1nnc(SCC(=O)Nc2ccccc2)n1N)c1ccc(F)cc1,0.045760715214892736,0.24385039369194125,2.2660698523549705
COc1ccccc1-n1c(SC)nc2c(sc(=S)n2-c2ccc(C)c(C)c2)c1=O,0.09511796442341952,0.2438509159931915,2.55556235741866
NS(=O)(=O)c1ccc(N/N=C/c2cn(-c3ccccc3)nc2-c2ccccc2)c([N+](=O)[O-])c1,0.05260351931681027,0.24399954005991284,2.3770256607827367
Cc1ccc(N)cc1S[C@H](C)CC(=O)NN,-0.03196094657805089,0.2440434519719677,3.028038666124578
Cc1cccc(S[C@H](C)CC(=O)NN)c1N,-0.03524561054901382,0.2440434519719677,3.0718440328508745
O=C(NNC(=O)c1cccc2cn[nH]c12)c1ccc(CSc2nc3ccccc3[nH]2)cc1,0.058918559887330135,0.24405326754175155,2.406663215391026
COc1cccc(NC(=O)CSc2nc3c(sc(=S)n3-c3ccccc3C)c(=O)[nH]2)c1,0.07230090453477601,0.2441129775313237,2.5436835987072914
COC(=O)c1ccc2c(=O)n(Cc3ccc4c(c3)OCO4)c(SCc3cccnc3)nc2c1,0.055099944822541456,0.2441184716487476,2.3702482569365824
COc1ccc(-n2c(C)cc(C=C3C(=O)N(C)C(=S)N(C)C3=O)c2C)c([N+](=O)[O-])c1,0.022386071496451096,0.2441207818774821,2.72299230196896
Cc1cc(C(=O)O/N=C(\N)Cc2cccc3ccccc23)ccc1[N+](=O)[O-],0.07267501279107025,0.2442466890872356,2.297190334307656
Cc1nnc(SCc2ccccc2)n1/N=C/c1ccc(N2CCCC2)c([N+](=O)[O-])c1,0.07136618564635668,0.24445937720938915,2.4627525473270486
Cn1c([O-])c(C(=O)C[C@H](Nc2ccccc2N)c2c(O)ccc3ccccc23)c(=O)c2ccccc21,0.03405964348652797,0.2444750398746389,3.3472556554957817
O/N=C(/O)c1ccccc1O,-0.0036308157792392225,0.2444846082421841,2.4306357209126137
Cc1cccc(C)c1NC(=O)CCC(=O)N/N=C/c1c2ccccc2cc2ccccc12,0.10252115663150588,0.2449197951688621,2.2156194347036298
CSCCNC(=S)NNC(=O)C=C1C[C@@H]2CC[C@H](C1)[NH+]2C,-0.2393554008782221,0.24498929519861198,5.729616349640224
Cc1ccc(NC(=O)[C@H](Sc2nncn2-c2ccccc2)c2ccccc2)c([N+](=O)[O-])c1,0.0720457562898764,0.2450877049177179,2.7246561176631214
COC(=O)c1cccc(N/C=C2\C(=O)NC(=S)N(CCC3=CCCCC3)C2=O)c1,0.03175405214451768,0.2451604730559813,2.6855701748045284
N#Cc1cc([N+](=O)[O-])ccc1Oc1ccc(/C=N\NC(=O)c2ccccc2-n2cccc2)cc1,0.07267765533760223,0.2453033793555025,2.5037534629096707
COc1ccc(N)c(SC[C@@H]2CC[C@H](C(=O)NN)O2)c1,-0.06792802425646167,0.24549548955268305,3.42571280742086
Cc1cc(SC(C(=O)Nc2ccccc2)C(=O)Nc2ccccc2)nc(=S)[nH]1,0.07183389325589935,0.2455332297576227,2.5221613908165086
C/C(=N\Nc1nnc(SCC(=O)Nc2ccccc2C)n1N)c1ccccc1,0.050070029165500886,0.24554078635447035,2.2638925446626623
CC(=O)c1ccccc1OC(=O)CCN1C(=O)[C@H]2C3c4ccccc4C(c4ccccc43)[C@@H]2C1=O,0.008556787083707341,0.24555950764154924,3.885801229705317
CNC(=S)N1CC[NH+](CC/N=C/[C@H]2C(=O)N=C(S)N(c3ccc(C)cc3)C2=O)CC1,-0.12502710812164644,0.24651034091422264,4.628690290470735
O=C(/C=C/c1nc2ccccc2o1)Oc1ccc2ccc(=O)oc2c1,0.06715249668403979,0.24669802016632225,2.4316543973989813
Cc1ccc(C)n1-c1cccc(C(=O)N/N=C\c2cc(C)n(-c3cccc([N+](=O)[O-])c3)c2C)c1,0.07889136080952512,0.2467192831521004,2.5370960721801024
Cc1ccc2[nH]c3nc(N/N=C/c4ccc(-c5cccc([N+](=O)[O-])c5)o4)nnc3c2c1,0.06261237526313604,0.24709524946427625,2.722031395910092
O=C(OCCCN1C(=O)c2ccccc2C1=O)c1ccc([N+](=O)[O-])cc1Cl,0.06532621963646212,0.2472748696940251,2.092503807991866
Cc1ccc([N+](=O)[O-])cc1N1C(=O)[C@H]2[C@@H](C1=O)[C@H](C(=O)c1ccco1)N1c3ccccc3C=C[C@H]21,0.002446199983120907,0.24729330543926084,3.8850921107510876
C=CCCCOCc1csc(C(=O)NN)n1,-0.01965310112369472,0.2473501128862985,2.7427792445791024
C[C@H](C/C(N)=N/O)NC(=O)N(C)C,-0.1371724209005303,0.2473892353862961,3.1262770866624514
C[C@H](C/C(N)=N/O)N1CC[NH+]2CCC[C@@H]2C1,-0.324111844447755,0.2474344037477077,5.434536155648587
CCSc1nnc(NC(=O)CSc2ncnc3c2cnn3-c2ccc(Cl)cc2)s1,0.06853673520504565,0.2475677148976777,2.5289044819607867
COC(=O)c1c[n+](-c2ccc([N+](=O)[O-])cc2)cc2c(O)n(-c3ccccc3)nc12,0.014985173713735719,0.2477804203293469,2.9745681110146585
C#Cc1cccc(NC(=O)CN/C(N[C@H]2CC[NH+](C3CCCC3)C2)=[NH+]/C)c1,-0.17812860346849785,0.2480263689203121,4.875342965414358
O=C(Oc1ccc(/C=C2/SC(=S)N(Cc3ccco3)C2=O)cc1)c1cccs1,0.0957855605158344,0.2482021969750376,2.414110108765227
Nc1ccc2nc(SCC(=O)c3cccc([N+](=O)[O-])c3)sc2c1,0.08987830471590454,0.2484096770679604,2.229205098417621
O=[N+]([O-])c1ccc(N2CCOCC2)c(/C=N/n2cnnc2SCc2ccccc2)c1,0.040783150532257485,0.2485246484364027,2.6045235082626657
N#C/C(=C\c1cn(CC(=O)NCc2ccco2)c2ccccc12)C(=O)Nc1ccc2ccccc2c1,0.07823293174591843,0.24854000276382604,2.469387439133632
C[NH+](C)CCN1C(=O)C(=O)/C(=C(/O)c2ccco2)[C@H]1c1ccc([N+](=O)[O-])cc1,-0.060825664760714514,0.2487111540417549,3.623997129068535
CC1CCN(C(=O)/C(C#N)=C/c2cn(-c3ccccc3)nc2-c2ccc([N+](=O)[O-])cc2)CC1,0.07075250782797572,0.2487381789877105,2.5008279521084305
Cc1cc(NC(=O)COC(=O)c2cccc(N3C(=O)c4ccccc4C3=O)c2)c([N+](=O)[O-])cc1C,0.05813653168936386,0.2487989226430647,2.282984800299241
Cc1sc2nc(SCc3cc(=O)oc4cc(Br)ccc34)n(C)c(=O)c2c1C,0.08881696119819442,0.24881609127197776,2.5411431926072527
O=C(NNc1ncnc(Sc2cccc3cccnc23)c1[N+](=O)[O-])c1ccc(Cl)cc1,0.07159296282227286,0.2488988338612288,2.5282070743889147
COc1cc2c(oc(=O)c3cc(C)cc(OC)c32)c2c([C@H]3O[C@@H](C)[C@@H](O)[C@](C)(O)[C@H]3O)ccc(O)c12,-0.02597785563632215,0.2489080084760926,4.3258671610149095
Cc1cccc(C)c1N/C([S-])=C(/C(=O)c1ccc(Cl)c(Cl)c1)[n+]1ccccc1,0.08835592960353658,0.2493485157357657,2.938529438153786
CC(=O)Oc1ccc2c(C)c(CC(=O)NCCc3c[nH]c4ccc(Cl)cc34)c(=O)oc2c1C,0.06313762802981114,0.2494155619151225,2.56980325275598
CO[C@@H](C)/C(N)=N/OCCOC1CCCCCC1,-0.2068026021849512,0.24942477703623475,3.145803564784577
CC1=C[C@@H](C)[C@H](/C=N/[NH+]=C(N)N)[C@@H](C)C1,-0.29388925831140245,0.2495273469616341,5.187665029873403
O=C(CCCSc1ncnc2sccc12)c1ccc(Br)cc1,0.1347062484882548,0.2496245128676732,2.323151241802142
CCOC(=O)c1c(NC(=O)CSc2ncnc3sccc23)sc2c1CCCCC2,-0.033572659688955106,0.24973787708484865,2.528052284158587
CCOc1ccc2nc(SC[C@H](C)/C(N)=N/O)[nH]c2c1,0.009451230191626015,0.2498739769630205,3.0244238113657405
C/[NH+]=C(\[S-])c1ccccc1N,-0.26851165645346314,0.2498929142750221,3.805503413220306
COc1ccc(C2=N/C(=C\c3ccc(Sc4nccn4C)c([N+](=O)[O-])c3)C(=O)O2)cc1,0.05277282935679034,0.24995860285329136,2.629857025280719
O=C1OC(c2cccc(I)c2)=N/C1=C\c1ccc([N+](=O)[O-])cc1,0.07548672155768027,0.2501860416326541,2.3785369327371484
Nn1c(N/N=C/c2ccccc2)nnc1SCC(=O)Nc1ccccn1,0.014024882852715342,0.2502039587950183,2.3710080319737816
CCn1c2ccccc2c2cc(NC(=O)[C@H](C)Sc3nnc(-c4ccccc4OC)n3N)ccc21,0.061965087676867786,0.25034174240929824,2.8145166721702264
CCOC(=O)c1nnn2c1nc(Sc1nnc(-c3ccco3)n1-c1ccccc1)c1ccccc12,0.053780665723889926,0.2503920205931421,2.7810259373225605
CCCCCC(=O)Oc1cccc([N+](=O)[O-])c1,0.12149005962321573,0.2504707038923901,1.8349019337227173
C[C@@]1(c2ccccc2)NC(=O)N(NC(=O)CSc2ncnc3c2cnn3-c2ccccc2)C1=O,0.004999080483848186,0.2504858919739586,3.022757318758388
Cc1ccccc1CCNCc1cccc(/C(N)=N/O)c1,0.06732369386716935,0.2505891743429781,1.99519362043217
CCCCNC(=O)N(O)[C@@H]1N(/N=C/c2ccccc2F)C(=S)SC1(C)C,0.02388813089343132,0.2508172295470635,3.4561852147708847
CCOC(=O)[C@H]1[C@H](c2cc([N+](=O)[O-])ccc2O)NC(=S)N[C@]1(O)C(F)(F)F,-0.058574964230309536,0.2508274703296561,3.8105344872087006
COC(=O)c1sc2nc(C)nc(SCc3nc4sc5c(c4c(=O)[nH]3)CC[C@H](C)C5)c2c1C,0.04707756238098745,0.2510660357353248,3.305675582546064
CCOC(=O)CCN1C(=O)/C(=C/c2ccc([N+](=O)[O-])cc2)SC1=S,0.055895352370810884,0.25132366090050057,2.245713223570439
CSc1ccccc1C(=O)N[C@H](/C(N)=N/O)C1CC1,-0.0074431191262973205,0.2513961968734224,2.8507046771657687
N#C/C(=C\c1ccc2c(c1)OCO2)C(=O)/N=C1/c2ccccc2CN1c1cccc([N+](=O)[O-])c1,0.04571961436262978,0.2515933314030494,2.925279836536045
O=C(OCc1cc(=O)oc2cc3c(cc12)CCC3)c1cc([N+](=O)[O-])ccc1N1CCOCC1,0.04218921420802433,0.2516741641131475,2.572014486693666
N#CC1=C(N)Oc2cc(OC(=O)COc3ccc(F)cc3)ccc2[C@@H]1c1cccc([N+](=O)[O-])c1,0.03900361570523731,0.2521663709211381,2.9484779133423733
Cc1cc([N+](=O)[O-])c(C)cc1-c1ccc(/C=N/c2c(C)n(C)n(-c3ccccc3)c2=O)o1,0.07327175901208756,0.2522676004068177,2.729170558299133
Cc1ccc(C(=O)C2=NN(c3ccccc3)[C@H]3C(=O)N(c4cccc([N+](=O)[O-])c4)C(=O)[C@H]23)cc1,0.021287840686002,0.25228463236299703,3.2086970604963962
NNC(=O)[C@H]1C[C@@H]2C[C@@H]3[C@H]4[NH+]=c5ccccc5=C4CCN3C[C@H]2C[C@H]1O,-0.2280389342988673,0.2523818231625053,5.1919880064064765
O=C(CSc1n[nH]c(N/N=C/c2cc(Cl)ccc2O)n1)Nc1ccc(Cl)cc1,0.0696539660250816,0.25244809776051674,2.4615723523549704
Cc1ccc2c(CSc3nc4ccccc4c(=O)n3C[C@@H]3CCCO3)cc(=O)oc2c1C,0.05707508128189935,0.2525462873864048,2.9118651477634554
COCCCNc1c([N+](=O)[O-])cc2c3c(cccc13)C(=O)N(c1c(C)cccc1C)C2=O,-0.5864022615141093,0.2525913242821192,2.6032172307278287
NNC(=O)[C@H]1CC[C@H](CSc2cc(F)ccc2N)O1,-0.0709496796831264,0.2527094356771655,3.4927837432379536
COc1ccc(OC)c(-n2c(SC)nc3c(sc(=S)n3-c3ccccc3)c2=O)c1,0.08239788554747488,0.2530199135619268,2.509570362421787
Cc1cc(C)cc(-n2ccnc2SC/C([O-])=N/S(=O)(=O)c2cccc3ncccc23)c1,0.02651949387402795,0.25335731125325417,2.985429402903096
Cc1ccc2oc(-c3ccc(C)c(NC(=S)NC(=O)c4ccc([N+](=O)[O-])cc4)c3)nc2c1,0.09289714777784884,0.2534342385805048,2.2792678962420907
CC(=O)Oc1ccc2cc(-c3nc(-c4ccc(Cl)cc4)c(C)s3)c(=O)oc2c1,0.10998199683407828,0.25376313639344034,2.3785312058116403
CCN(CC)c1ccc2nc3c(cc(N)c4ccccc43)[o+]c2c1,0.07838961038595507,0.2539719746596609,3.0128916668662726
Cc1ccc(-c2csc3ncnc(SCC(=O)c4c(N)n(C5CC5)c(=O)[nH]c4=O)c23)cc1,0.03871282600738992,0.2539957420960853,2.7146186654728592
Cc1ccc(N2C(=O)/C(=C/c3cc(C)n(-c4ccc(F)cc4)c3C)C(=O)N(c3ccccc3)C2=O)cc1,0.09384556121326412,0.2540026160161015,2.431443690181826
COC(=O)c1sc2nc(C)nc(S[C@H](C(=O)C3=c4ccccc4=[NH+]C3)c3ccccc3)c2c1C,-0.030541665392070688,0.2542100388568391,3.830029920677824
Cc1ccc(NC(=O)c2cccc3c2N[C@H](c2cc([N+](=O)[O-])ccc2O)[C@@H]2CC=C[C@H]32)cc1C,0.06108710037196542,0.254376404973404,3.5194987727232734
C=CCc1cccc(/C=N/N/C([O-])=C/[N+](=O)[O-])c1O,-0.08392820256378289,0.2545101887886975,3.3744045648262926
CN/C([S-])=[NH+]\NS(=O)(=O)c1ccc(OC)cc1OC,-0.1775744735880343,0.2547670347545273,3.4743367263299465
COc1ccc(C[NH+](C)CCS(C)(=O)=O)cc1/C(N)=N/O,-0.16269805365132745,0.2548140068061905,3.945226911131748
COC(=O)C(=C/C(Br)=C/N(C)C)C(=O)OC,-0.061544530848224435,0.2548421882803754,3.201097068218875
Cc1cccc(C)c1NC(=O)CSc1nc2ccccc2c2nc(CCc3c(C)n[nH]c3C)nn12,0.06285261259336318,0.2548469546398536,2.693134370481636
COc1ccc2c(COC(=O)c3cccc(N4C(=O)c5ccccc5C4=O)c3)cc(=O)oc2c1,0.0634358604410345,0.254923546853181,2.26927847545236
COc1ccc(N2C(=O)/C(=C/NCC[N+](C)(C)C)C(=O)NC2=S)cc1,-0.0282199591792586,0.2549730992964252,2.7161007836879545
COc1ccc(N)c(SCc2cc(C(=O)NN)co2)c1,0.011749279522650095,0.255078825983554,2.596761125061766
Cc1cc(C(=O)NCCC/C(N)=N/O)sc1Br,0.02289622208486952,0.25511111434631434,2.6478856453857063
COC(=O)[C@@]1([NH2+]CCCN=[N+]=[N-])CCCC1(C)C,-0.13912518509843155,0.2551272757715252,4.650952405859469
CC(C)n1c(S[C@H](C)C(=O)Nc2ccc([N+](=O)[O-])cc2Cl)nc2ccccc2c1=O,0.07082197802055544,0.2552073875155281,2.7023483982166496
COc1cc(/C=N/NC(=O)c2cc(C)n[nH]2)ccc1OC(=O)c1cccc(Br)c1,0.05399857271261437,0.2553256900883012,2.478835277994021
COc1cccc(N2C(=O)[C@H](N3C(=O)c4ccc([N+](=O)[O-])cc4C3=O)[C@@H]2c2cccs2)c1,0.017278742245749483,0.25549639424288784,3.2914250181616236
O=c1c2ccccc2nc2nc(-c3ccccc3)cc(-c3ccc([N+](=O)[O-])cc3)n12,0.08380508507343308,0.25553247147854385,2.2769307966639207
O=C(c1ccco1)[C@@H]1[C@@H]2C(=O)N(c3cccc([N+](=O)[O-])c3)C(=O)[C@@H]2[C@@H]2c3ccccc3C=CN12,0.001061353532746553,0.2556126998668512,3.820136070670984
COC(=O)c1ccc(Oc2ncnc(Oc3cccc4cccnc34)c2[N+](=O)[O-])cc1,0.07213047978069903,0.2556342675240393,2.4037301513119917
CCCCn1c([O-])c(C2=[NH+]c3ccccc3S[C@H](c3ccc(C(C)C)cc3)[CH-]2)c([O-])nc1=[SH+],-0.1567787535964909,0.2557127230939384,4.918085059245518
Cn1c(O)c(/N=N\C([S-])=[NH+]\c2ccccc2F)c2cc(S(=O)(=O)N3CCOCC3)ccc21,-0.04142772667421253,0.2557854042281946,3.7096786654728593
COc1ccc(NC(=O)CSc2nnc3c4c5c(sc4ncn23)CCCC5)c([N+](=O)[O-])c1,0.051899627476023134,0.2558041440182012,2.628221274168512
C[NH+](CCCC(=O)NN)CCS(C)(=O)=O,-0.3370156434883109,0.2558105450074655,4.420033822859371
O=[N+]([O-])c1ccc(-c2nnc(CSc3nc4cc(Cl)ccc4s3)o2)cc1,0.11179869469382243,0.2559967608955032,2.36535748946366
Nn1c(SCC(=O)Nc2cccc([N+](=O)[O-])c2)nnc1-c1ccccc1Br,0.05825805867458925,0.2561367206980873,2.2336164476679805
CCn1c(SCC(=O)Nc2ccccc2[N+](=O)[O-])nc2sc3c(c2c1=O)CC[C@H](C)C3,0.051802445559757264,0.25619445669718044,2.8926688434872734
CCCn1c(SCC(=O)N(C)[C@@H](C)c2nc3ccccc3s2)nc2sc3c(c2c1=O)CCC3,0.06295371583747557,0.25620914940068823,3.1018603192634675
COc1ccc(C(=O)CSc2nc(-c3ccco3)nc3c2c(=O)n(C)c(=O)n3C)cc1,0.023026053494023986,0.2562110938997931,2.490888318987013
C=CC[n+]1c(-c2ccc([N+](=O)[O-])cc2)csc1Nc1cccc(Br)c1,0.10026001018603356,0.2562353881795236,2.758668787639264
COc1cc(/C=N/N2C(=O)[C@H]3[C@@H]4C=C[C@@H](C4)[C@@H]3C2=O)c([N+](=O)[O-])cc1OC,-0.07425385789868792,0.25627970587119736,4.4560430897612715
CCCCSc1nc(-c2cccc(OC)c2)nc2c1Cc1c(CO)cnc(C)c1O2,0.07150302658435909,0.2562986528047523,2.8470568592140406
Cc1ccc(NC(=O)CSc2nc(-c3ccccc3)nc3c2Cc2c(CO)cnc(C)c2O3)cc1,0.06931299587490104,0.2563463867604756,2.6933900719287043
CC(=O)N1CCN(C/C(N)=N/O)CC1,-0.09595922100889223,0.256350503693029,2.2449826099836367
CN(C)C(=[NH2+])NC(=S)N(C)C,-0.3623003682363454,0.25635593661460243,3.983477259374152
NC(=[NH2+])NS(=O)(=O)c1ccc(/N=C/c2c3ccccc3nc3cc(Cl)ccc23)cc1,0.006735912825616025,0.2563605502692783,2.8437976526476927
COc1ccc(C[NH+]=[N+]=[N-])cc1[N+](=O)[O-],-0.11162421755923632,0.2564087394302773,3.449110979967143
O=C(N[C@@H](C(=O)N/N=C\c1cccc2ccccc12)c1n[nH]c(=O)c2ccccc12)c1ccccc1,0.033489887619196614,0.2564784490668374,2.910145455107936
C[C@@H](Sc1nnc(-c2ccc(C(C)(C)C)cc2)n1N)C(=O)Nc1ccc([N+](=O)[O-])cc1,0.052666675128073465,0.25656351510300784,2.7205240595896303
Cc1ccc(S/C(=C(\C(=O)N2CCCC2)[N+](=O)[O-])C(Cl)Cl)cc1,0.054771996257119294,0.2565862183285699,3.04159252022658
O=[N+]([O-])c1ccc2c(c1)=[NH+][C@H](SC[C@H]1N=C3C=CC(Cl)=CN3[C@H]1Br)[NH+]=2,-0.23508144897505984,0.25663055195543816,5.781160519943854
COc1ccc(CSc2nnc(N/N=C/c3cccc(Br)c3)n2N)cc1,0.06591533073043132,0.2566338822278819,2.372448566386737
O=C1c2ccccc2C(=O)N1CSc1nc2nn(-c3ccccc3)c(=O)c-2c2n1CCCCC2,-0.06295567454277924,0.25664673883898104,2.7317321413740654
Cc1cc(C(=O)CSc2n[nH]c(N/N=C/c3cnn(C)c3)n2)ccc1Br,0.03321394014414946,0.25668080959569833,2.8073238761580486
O=C(OCCCNC(=O)c1cc2ccccc2oc1=O)c1cc2cc(Br)ccc2o1,0.07619584738874079,0.2567362922674088,2.3473185765664546
O=C(CSc1nnc(-c2cccs2)n1-c1ccccc1)Nc1cccc([N+](=O)[O-])c1,0.09122205597381486,0.256746844641975,2.1785753589981365
CCCCCC1=NN2C(=N)/C(=C\c3cccn3-c3ccc(Cl)c([N+](=O)[O-])c3)C(=O)N=C2S1,0.06586400925465924,0.2568232492323004,3.0536202039343987
Cc1ccccc1/N=C(\N/N=C1/C(=O)Nc2ccc(I)cc21)c1ccccn1,0.050720798392802725,0.25690260745997084,2.9179853224404404
Cc1c(C(=O)N(Cc2ccccn2)c2nc3ccc([N+](=O)[O-])cc3s2)cnn1-c1ccccc1,0.0756225180139383,0.2569457940125625,2.494239177195388
C/C(=C(\C#N)C(=O)NN)c1ccc(F)cc1,-0.00934581831753068,0.2569615640292291,2.537489083577313
CC(=O)c1ccccc1O/C(C)=N/O,0.05407306965385339,0.25699637077430004,2.3414320026961857
[NH2+]=C(NO)c1cccc2[nH]cnc12,-0.2039235296839474,0.2571072113962001,3.4223341367032134
CCOc1ccc(N2C(=O)NC(=O)/C(=C\NCCc3c[nH]c4ccc(O)cc34)C2=O)cc1,0.025652218262938155,0.2574582435854795,2.5762185471296632
O=C(CSc1nnc(-c2cccnc2)o1)Nc1nc(-c2ccc([N+](=O)[O-])cc2)cs1,0.06582456175078559,0.25755421064173345,2.383216738308482
COc1ccc([N+](=O)[O-])cc1NC(=O)[C@H](C)Sc1nc(C)nc2sc3c(c12)CCC3,0.058352800404232075,0.2576139694985965,2.9364051256355714
C[C@@H](Sc1nn(-c2ccccc2)c(=S)s1)C(=O)Nc1ccc(F)c([N+](=O)[O-])c1,0.07479977715652213,0.2576146619404392,2.8272904972388258
O=C(CSc1nnc(-c2cccc([N+](=O)[O-])c2)o1)c1ccc([N+](=O)[O-])cc1,0.06975366102856441,0.2576813294171588,2.246640941595107
COc1cc(/C=C(/C#N)c2nc(-c3cccc(Br)c3)cs2)cc(OC)c1OC(C)=O,0.09828816057445497,0.2577108525298125,2.550743263507421
C[C@@H](CO)CSc1nc2ccccc2cc1/C(N)=N/O,-0.00208178565030053,0.2577125188377935,2.992137547629476
C[C@H](Sc1ccc(Cl)cc1N)[C@H](C)C(=O)NN,-0.0404176739590187,0.2577625422107696,3.5179421652985505
O=C(/C=C/c1ccccc1[N+](=O)[O-])OCC(=O)c1ccc2c(c1)OCO2,0.05222410131622142,0.25783443003217715,2.2399983044324774
CC[C@@H](c1ccc2c(c1)CCCC2)c1n[nH]c(=S)n1/N=C/c1cccc([N+](=O)[O-])c1,0.060558863078201124,0.2578714894070959,3.2457629712783014
N#C/C(=C\[NH+]=c1\ccc2c(C(F)(F)F)cc(O)oc-2c1)c1nc(-c2ccc([N+](=O)[O-])cc2)cs1,0.008847233288565884,0.25792087222798143,3.657819796876458
C[C@@H](C(=O)NN)[C@@H](C)Sc1ccncn1,-0.13390625728217154,0.2579914181383663,3.7793610474776713
C[N+](C)(C)CCCNC(=O)/C(=N\O)c1ccccn1,-0.04600378671572036,0.2580834181694322,2.769324979027477
CC(C)(C(=O)N1CCN2C(=O)NC[C@@H]2C1)/C(N)=N/O,-0.14817628418724907,0.2580969008903076,3.5288669465705733
C=CCn1c(=O)c2ccccc2n2c(SCc3cc(=O)oc4cc(O)ccc34)nnc12,0.040730326525432896,0.25810988853108885,2.6515669706724068
COc1ccc(-n2c(SCC(=O)Nc3cccc(OC)c3)nc3c(oc4ccccc43)c2=O)cc1,0.0794879987990443,0.2581972601264459,2.2831518388746286
O=C(CSc1nnc(Cc2ccccc2)o1)c1cc([N+](=O)[O-])ccc1Cl,0.0906954274992407,0.2581988620794294,2.2397138969480697
O=C(Oc1ccc(/C=N/NC(=O)[C@@H]2COc3ccccc3O2)cc1)c1ccccc1Br,0.05037129648202682,0.2582157541588745,2.7650160052909882
C#CCOc1c(Br)cc(/C=C2\C(=O)N(c3cccc([N+](=O)[O-])c3)C(=O)N=C2[O-])cc1OC,0.00570030755080218,0.2582230607373017,3.1756252039343984
Cc1ccc(OCC(=O)O/N=C(\N)c2ccc([N+](=O)[O-])cc2)c(Br)c1,0.05660255083585684,0.25830103448360964,2.2767970555746366
O=C(C[C@]1(O)C(=O)N(Cc2cccc3ccccc23)c2ccccc21)c1ccccc1[N+](=O)[O-],0.061597334058852725,0.2583525426482388,2.784072902438332
COc1ccc(OC)c(CSc2nc3nn(-c4ccccc4)c(O)c3c3[n+]2CCCCC3)c1,-0.05702271373776471,0.2587670090997464,3.006242487705813
N/C(=N/OC(=O)c1ccc2ccccc2c1)c1cccc([N+](=O)[O-])c1,0.07296673776667878,0.2588153906356672,2.1200627204670006
COc1ccc(NC(=O)C(=O)N/N=C/c2ccc(-c3cccc([N+](=O)[O-])c3)o2)cc1Cl,0.0582967386530277,0.25882568317618704,2.3552087433901967
Cn1c(=O)n(C)c2c(N=[N+]=[N-])ncc([N+](=O)[O-])c21,-0.06515010535896862,0.2590366895474387,3.39573754137653
C[C@H](OC(=O)C12C[C@@H]3C[C@@H](CC(Br)(C3)C1)C2)c1nnc(-c2ccc([N+](=O)[O-])cc2)o1,-0.24941548851578205,0.2591230194543279,5.0703342315808
COC(=O)C[C@H](N=C=O)c1cccc([N+](=O)[O-])c1,-0.031214287461227407,0.25924920465747225,3.1264739129238324
CC(=O)c1ccc(N2C(=O)c3oc4ccccc4c(=O)c3[C@H]2c2cccc([N+](=O)[O-])c2)cc1,0.061923643268343764,0.25938845165303714,2.7672815853001094
C=CCN1C(=O)C(C#N)=C(C)/C(=C/c2ccc(-c3ccc(Cl)c(C(=O)OC(C)C)c3)o2)C1=O,0.06693498899281546,0.25946693257180925,2.797894891551966
COc1cc(/C=C2\SC(=S)N(C)C2=O)ccc1OC(=O)[C@H]1[C@@H](C=C(Cl)Cl)C1(C)C,0.04573391147647997,0.2596422583854424,3.5796310375235976
CCOC(=O)/C(C#N)=C/c1ccc(-c2cc([N+](=O)[O-])ccc2OC)o1,0.061851116542802835,0.259757327874044,2.4145562528990503
O=C(CSc1nc2c(c(=O)n1-c1ccc([N+](=O)[O-])cc1)SCC2)Nc1cccc(F)c1,0.053535593486891984,0.2599602040693607,2.509148458847152
COc1cccc(-c2nc3ccccc3c3nnc(SCC(=O)Nc4ccc(C(C)=O)cc4)n23)c1,0.07910561252930069,0.2600070756530927,2.2981426994991523
COc1cc([N+](=O)[O-])c(Cl)cc1-c1ccc(/C=C(\C#N)c2nc3ccccc3[nH]2)o1,0.09003843678286816,0.26003453088854617,2.686135571199729
CCCc1ccc(C(=O)/C(C#N)=C/c2cccc([N+](=O)[O-])c2)cc1,0.10644773898729178,0.2604698272587614,2.1572518625434043
CCCn1c(SCC(=O)Nc2ccc(Cl)c([N+](=O)[O-])c2)nc2ccccc2c1=O,0.08351627526753044,0.2604713252611152,2.12945124630755
COc1cc(/C=C/C(=O)c2ccc(SC)cc2)ccc1[N+](=O)[O-],0.10878615487886348,0.2608099401490208,2.13386597489691
CCCCO[C@@H](C)C(=O)NN,-0.08953579934443677,0.2608581324521443,2.692648234802796
C=CCn1c(SCc2nc3sc(C(C)=O)c(C)c3c(=O)[nH]2)nnc1-c1ccoc1C,0.05156209409930499,0.26093645787245395,2.879177329441488
N#CCCN(C(=O)CSc1nc2ccccc2c(=O)n1-c1cccc(Cl)c1)c1ccc(F)cc1,0.0854046925027849,0.2609688402439859,2.3777309734698044
C[NH+]1[C@H]2CC[C@@H]1CCN(C(=O)C(C)(C)/C(N)=N/O)C2,-0.4735093849683987,0.2611593422101457,5.791347863391365
O=C1/C(=C\c2cn(-c3ccccc3)nc2-c2ccc(F)cc2)SC(=S)N1Cc1ccccc1,0.11129556870380264,0.2611919773322762,2.2380477761673507
COc1ccc(C(=O)O/N=C(/N)Cc2ccc(Cl)cc2Cl)cc1[N+](=O)[O-],0.06793536740265019,0.2613546536536444,2.375509879496164
Cn1c(SCC(=O)c2ccc(Oc3ccccc3)cc2)nc2sccc2c1=O,0.10177721234618756,0.2614352591859103,2.1583972882524063
NNC(=O)c1ccc(CSc2cc(F)ccc2N)o1,0.026939944056003442,0.26147504131138705,2.4418181742937493
CC(=O)c1c(C)cc(C)c(CN(C#N)c2ccc(F)c([N+](=O)[O-])c2)c1C,0.06286733803169788,0.261545331970163,2.9313779844469376
O=C(O/N=C(/c1ccncc1)c1ccc([N+](=O)[O-])cc1)c1cccc(Br)c1,0.08761710471764905,0.2615488054210845,2.3291063814184407
O=[N+]([O-])/C=C/c1c(F)c(F)c(F)c(F)c1F,0.029569925439355826,0.26156078606004746,2.8999567305078067
O=C(NCCc1csc2nc(-c3ccccc3F)nn12)C(=O)Nc1ccccc1[N+](=O)[O-],0.030578034127896763,0.2616297816879373,2.5792479638667736
CNc1ccc(/C=C/C(=O)c2ccc(SC)c(OC)c2)cc1[N+](=O)[O-],0.08922884766215212,0.2617477123273294,2.384283343200055
COc1ccc2nc(Nc3ncnc(Oc4cccc5ccc(C)nc45)c3[N+](=O)[O-])sc2c1,0.0829905018608455,0.2618717237366066,2.6190185352766626
CCOc1cccc(NC(=O)/C(C#N)=C\c2ccc(-c3cccc([N+](=O)[O-])c3)o2)c1,0.08860694504963497,0.26193735966702264,2.3394930372630767
Nc1nc(SCC(=O)Nc2cccc3ccccc23)[nH]c(=O)c1NC(=O)c1cccs1,0.05236914856633361,0.2619942062736147,2.4760039628936674
Nn1c(N/N=C/c2cccc(Br)c2)nnc1SCc1ccc(Cl)cc1,0.08546770217525508,0.2620068137753687,2.3946666207920257
CC1(C)OC(=O)C(=Cc2cc([N+](=O)[O-])ccc2N2CCC(C(N)=O)CC2)C(=O)O1,-0.004118539280471904,0.2620619595928887,2.7467829351531634
CCOC(=O)c1ccc(OC/C(N)=N/O)cc1,0.02860605906528425,0.2620986047697558,1.9353425229207541
CCOC(=O)c1c(NC(=O)C(=O)N/N=C/c2ccco2)sc2c1CCCCC2,-0.08516631750142742,0.2622337593067715,2.510736583124201
O=[N+]([O-])c1ccc(CSc2nnc(-c3ccncc3)n2-c2ccc(F)cc2)cc1,0.09542993796039574,0.2622542111089745,2.1727138226201266
C=CCOc1ccc([C@@H]2c3c(oc4ccccc4c3=O)C(=O)N2c2ccc(C(C)=O)cc2)cc1OC,0.06542832091501123,0.26238836517345204,2.893837555948272
O=C(CSc1ncnc2c1cnn2-c1ccccc1)c1cccc(N2CCCC2=O)c1,0.06364378912564787,0.2625549712083205,2.3981819791729784
C=CCN1C(=O)/C(=C/c2ccc(OC)c(I)c2)C(=O)NC1=S,0.02047077023241764,0.2625865573647177,2.618487972571373
COc1cc(/C=C(\C#N)c2ccc(Cl)cc2)ccc1OC(=O)c1ccco1,0.1135945526660572,0.2626464369485187,2.246155332467392
N#Cc1cccc(OCCSc2nc3ccccc3c(=O)n2Cc2ccco2)c1,0.07658011754873911,0.262727845035578,2.286466550480501
CC(=O)NC1(/C(N)=N/O)CCCCC1,-0.0500537254323156,0.2628095890649365,2.6826230958135957
Nc1ccc(-c2nnc(SCC(=O)c3ccc([C@H]4CC4(Cl)Cl)cc3)o2)cc1,0.07713225883794524,0.2629066228287207,2.9098494781015116
CN1C(=O)C(=Cc2ccc([N+](=O)[O-])o2)C(=O)N(C)C1=S,-0.033711613913216566,0.26292000657826803,2.7852856067121916
Cc1cc(NC(=O)CSc2nc3c([nH]c4ccccc43)c(=O)n2-c2cccc(C(F)(F)F)c2)no1,0.06937634612532086,0.26292114013013473,2.5973881886634533
Cc1ccc(-c2nnc(S[C@@H](C)C(=O)Nc3cc([N+](=O)[O-])ccc3Cl)n2N)cc1,0.04972226328720851,0.2629580922354571,2.6844224155175085
O=C1c2cccc3cc([N+](=O)[O-])cc(c23)C(=O)N1OS(=O)(=O)c1cccc2cccnc12,0.03405172644098977,0.263074310618451,2.7249725116267065
CC(C)C/N=C(/S)NNC(=O)C1CC[NH+](Cc2ccc(F)cc2Cl)CC1,-0.051540639413383285,0.2632125178201523,3.9505025663867377
CC(C)[C@H](C(=O)N(C)C[C@H]1CCC[NH+]1C)/C(N)=N/O,-0.24229061120359505,0.2632801808581381,5.103899085363234
O=[N+]([O-])c1cc(-c2nnc(Nc3ccc(O)cc3)c3ccccc23)ccc1N1CCOCC1,0.07128516955715848,0.2634647983694985,2.415174699244273
CCOC(=O)[C@H]1C(=O)C(=O)N(c2ccccc2)[C@@H]1c1ccc([N+](=O)[O-])cc1,0.00996095996560008,0.26372524545490905,2.954844006834477
CC[C@@H](C(=O)N1CCN2C(=O)NC[C@@H]2C1)/C(N)=N/O,-0.15927563140127146,0.2637857464270075,3.704646124615648
C=CCn1c(SCc2nnc([S-])n2-c2ccccc2)nnc1-c1ccccc1,0.05481069238092695,0.2639136866880732,2.7591788392217627
CC[C@@H](/C(N)=N/O)N1CC[NH+]2CCCC[C@@H]2C1,-0.27895662434938395,0.2639422388399706,5.2915438775254255
O=C(CSc1n[nH]c(N/N=C/c2ccc(O)cc2)n1)N[C@@H]1CCCc2ccccc21,0.02547456467192093,0.26394454990796,3.0133585721890164
CCOC(=O)C(=Cc1ccc(I)o1)C(=O)OCC,0.03431960886190265,0.26398176317490124,2.642430182663814
N#C/C(=C/C=C/c1ccccc1)c1nc(-c2cc3ccccc3oc2=O)cs1,0.10219692865495876,0.2640866984056867,2.5987289330303938
O=C(N/N=C/c1ccc(Sc2ncn[n-]2)c([N+](=O)[O-])c1)[C@@H]1Cc2c(ccc3ccccc23)O1,-0.011258755002163,0.2640922151049609,3.8775316163174782
O=C(CSc1nc2ccccc2c(=O)n1C1CCCC1)Nc1ccc(F)cc1[N+](=O)[O-],0.0767709895303499,0.26411987255635816,2.2753970602457527
C[C@@H](Sc1nc2sc3c(c2c(=O)n1Cc1ccco1)CCCC3)C(=O)N(C)Cc1ccccc1,0.06218055741022885,0.264127358620123,2.977853394111607
COc1ccc(-c2noc(CSc3nc4[nH]ncc4c(=O)n3-c3ccc(F)c(F)c3)n2)cc1OC,0.043470504258823435,0.2641318384669539,2.675252062789328
CC[C@H](C)Sc1nc(=O)c2c([nH]1)NC1=C(C(=O)CC(C)(C)C1)[C@@H]2c1cc2c(cc1[N+](=O)[O-])OCO2,0.016727726524559606,0.26415851930611434,3.8921400031069577
Cc1cscc1C(=O)NC1(/C(N)=N/O)CC[NH+](C)CC1,-0.16540951551967936,0.26420905490153385,4.279629361825004
CO/N=C/C(C#N)=C/c1cc(C(=O)c2ccc([N+](=O)[O-])cc2)cn1C,0.01155162313424258,0.2642555611597979,3.096589697715104
C=CCn1c(SCC(=O)c2c[nH]c3ccccc23)nnc1[C@H]1COc2ccccc2O1,0.05050360714689542,0.2642572793961851,3.037340671394114
O=c1c2ccccc2nc(SCCOc2cccc(Cl)c2)n1-c1cccnc1,0.09814096215553933,0.2643265357667186,2.151967582186113
C/C(=N\O)[C@H]1C[C@@H]2C=C[C@H]1C2,-0.2038891506107148,0.26436394310413314,4.826198190626199
O=c1c2ccccc2nc(SCc2nnc(-c3ccc(Cl)cc3)o2)n1Cc1ccco1,0.09171728754223568,0.2644918484512572,2.3214377695364643
COC(=O)/C(=N\Nc1ccccc1N)C(C)=O,-0.013388042775968995,0.2645028982288665,2.4200953443823625
CC(=O)Oc1ccc([C@H]2Nc3ccc([N+](=O)[O-])cc3[C@@H]3C=CC[C@@H]23)c(OC(C)=O)c1,0.02534828367434836,0.26453086946365106,3.6148999547966896
C/C(=N\Nc1nc(SCC(=O)c2ccc3c(c2)OCO3)n[nH]1)c1ccc(F)cc1,0.050833319198623744,0.26459568368083386,2.5619011852574904
CCOc1cc(-c2[nH+]c3ccccn3c2/N=C/c2ccc(Cl)c([N+](=O)[O-])c2)ccc1O,0.04685340066286718,0.2646082969946736,3.366433074231768
NNC(=O)c1ccc(CSc2ccc(N)c(Cl)c2)o1,0.046315468407397024,0.2647903010074286,2.4338422671819924
CC1=[NH+]C(=S)[C@H]([N+](=O)[O-])N1,-0.5854918727651018,0.26479844699595945,5.495117408009074
CCOc1ccc(C(=O)Oc2cccc(C(C)=O)c2)cc1[N+](=O)[O-],0.09084561366737352,0.26481483058343835,1.933637699094913
O=C(CSc1ccc(-c2ccc([N+](=O)[O-])cc2)nn1)c1ccc(Cl)cc1,0.10949021345888443,0.26481931506447964,2.1132012150353847
COc1cc(/C=C(\C#N)[C@H]2N=C(CS[C@@H]3[NH+]=c4ccc([N+](=O)[O-])cc4=[NH+]3)CS2)ccc1O,-0.15431330547950026,0.26489038212973565,5.220221264991715
Cc1nnsc1C(=O)Nc1[nH]ncc1/C(N)=N/O,-0.09240045866271353,0.26489521210364475,3.1039929644534534
COC(=O)/C(=C\C=C\c1cccs1)C(C)=O,0.032595449152318164,0.2650211661306213,2.7551212026210585
Cc1ccc(C(=O)COC(=O)/C=C/c2ccc([N+](=O)[O-])o2)cc1C,0.06672588026578745,0.2650708692508805,2.316559377416592
CC(=O)c1ccc(OCC(=O)Oc2cc(F)ccc2[N+](=O)[O-])cc1,0.07197995334576507,0.2650733781922276,2.0237279088851245
CCOc1ccc(/C=C(\C#N)c2nc(-c3cc4ccccc4oc3=O)cs2)c(OCC)c1,0.09417820278824204,0.2653626475977835,2.612043849419349
O=C1N(c2c(F)c(F)c(F)c(F)c2F)N=C(c2ccccc2)C1(Br)Br,0.06903399914837569,0.2653885069390316,3.011984186808101
CC1=C(C(=O)N/N=C/c2cccc(Br)c2)[C@H](c2ccc([N+](=O)[O-])cc2)NC(=S)N1,0.027691054413299245,0.26572718116931443,3.01483636850896
Cc1cc(C(=O)COC(=O)/C=C/c2cnc3ccccc3n2)c(C)n1-c1ccccc1,0.07744760217513641,0.26574023699036137,2.36654933886601
N=C(S)C[NH+]1CCOCC1,-0.541315719710509,0.26579063744824605,5.5858545315106785
CC(=O)c1c(OC(=O)COc2ccc(C(C)(C)C)cc2)ccc2c(C)cc(=O)oc12,0.08107282976610825,0.265836017109182,2.4039577100365026
Cc1ccc(N)c(SCc2ccc(C(=O)NN)s2)c1,0.0482425464739906,0.2659317603612645,2.475103805643532
Cn1c(=S)n(CCSc2nc3ccccc3n2-c2ccccc2)c2ccccc21,0.11631682558169068,0.26603101343317737,2.34867324731308
COc1ccc(C(=O)CSc2nnc(-c3cc(-c4ccc(F)cc4)n[nH]3)n2N)cc1,0.04944249523197729,0.2661977580399465,2.3730563225414105
O=C(N/N=C\c1ccc(OCc2ccc3ccccc3c2)cc1)c1ccc([N+](=O)[O-])cn1,0.07975106330395125,0.2662510148133675,2.245936928500156
O=C(CSc1n[nH]c(N/N=C/c2cccc(Cl)c2)n1)Nc1c(Cl)cccc1Cl,0.09164259706405174,0.2663075877484869,2.4991785062011243
Nc1n(CC(=O)c2cccc([N+](=O)[O-])c2)c2ccccc2[n+]1CC[NH+]1CCCCC1,-0.04143357328881011,0.2664389410797501,3.5989802939188698
CCc1ccc(NC(=O)c2c(N)c(C(=O)c3cccc([N+](=O)[O-])c3)n3ccccc23)cc1,0.07449963046950307,0.2665923613489174,2.3799048193190124
COc1ccc(N2C(=O)/C(=C/c3cn(-c4ccccc4)nc3-c3ccccc3)SC2=S)cc1,0.10837970474841198,0.2668564671478889,2.2449722953981213
C#CCN/C(NCC(C)(C)[NH+]1CCCCC1)=[NH+]/CC,-0.2819534111548075,0.2668660351608097,5.128943863698684
CCSc1nc2c(c(=O)[nH]1)[C@H](c1ccc([N+](=O)[O-])cc1)/C(=C(\[O-])OC)C(C)=N2,-0.03494546371707995,0.26690576041879505,3.8872017244731305
C=CCn1c(SCC(=O)c2ccc(O)c(O)c2)nnc1-c1cccc(Cl)c1,0.0822071946102149,0.2671590920436874,2.3398619942266863
CCOc1cc(C=O)ccc1OC(=O)c1ccccc1[N+](=O)[O-],0.07716888820497493,0.2671705496075629,2.0448590037430634
CC(=O)Oc1ccc(N2C(=O)C=CC2=O)cc1[N+](=O)[O-],-0.008297744125945323,0.26726960662108595,2.4563491287247707
CC(C)(NC(=O)N1CCCC1)/C(N)=N/O,-0.04831492622993348,0.26735991110628843,2.5544173495731464
Cc1c(OC(=O)[C@@H](Cl)c2ccccc2)ccc2c1O/C(=C\c1ccccn1)C2=O,0.06247423102134851,0.2673702259757032,3.0988085855823826
Cc1ccc(-c2ccc(/C=C/C(=O)NC(=S)Nc3ccc4[nH]c(=O)[nH]c4c3)o2)cc1Cl,0.07166660117963113,0.2673918424582567,2.590181500805196
C=CCn1c(SCc2cc(=O)n3cc(C)ccc3n2)nc2sc(CC)cc2c1=O,0.05079407620683039,0.2673990441955041,2.7554459721778866
C=CCn1c(S[C@H](C)C(=O)OC)nc2scc(-c3ccc(C)cc3)c2c1=O,0.06173664082977566,0.26756891635669844,2.8600136481419955
C[N+](C)(C)CC(=O)NNC(=S)[S-],-0.2709850931226518,0.2676829693374291,3.9799600229462992
COc1cc(C(=O)OCc2cc(=O)oc3cc(C)ccc23)c([N+](=O)[O-])cc1OC,0.060084200187971976,0.2678438947440165,2.2803033830596893
Cc1cc(C(=O)O/N=C(\N)CCl)n(C)n1,-0.0753288338061456,0.2678627468900981,2.938378118803916
C/C(=N\NC(=O)CSc1nc2ccccc2n1Cc1ccc(C)cc1)c1ccncc1,0.08069362640951745,0.2681425397697608,2.250062165140859
CN(C)c1ccc(/C=N/NC(=O)CSc2nnc(-c3ccncc3)n2N)cc1,0.005322993869145778,0.2681706703229107,2.4336792754318957
CC(=O)c1ccc(NC(=O)CSc2ncnc3c2sc2nc4c(cc23)C[NH+](C)CC4)cc1,-0.0162998140690439,0.2682439438373509,3.7954348802049287
O=C(NNc1ncnc(Nc2cccc(Br)c2)c1[N+](=O)[O-])c1cccc2ccccc12,0.08535197837643113,0.2682672947099153,2.3508005056767267
Cc1nn(CSc2nnc(C)n2/N=C/c2ccc(Cl)cc2)c(C)c1[N+](=O)[O-],0.047198827562625216,0.26839534010795074,2.792279192607252
N/C(=N\OCCCCC(F)(F)F)C(F)(F)F,0.02000977053361789,0.2685793909896473,2.9929353421400773
Cn1c([O-])c(C2=[NH+]c3ccccc3S[C@@H](c3ccc4c(c3)OCO4)[CH-]2)c([O-])nc1=[SH+],-0.24239146556753816,0.2686707338894049,5.122337032101199
CN1C(=O)C(=Cc2cc([N+](=O)[O-])ccc2N(C)C)C(=O)N(C)C1=S,-0.011577748858492672,0.26867329987771915,2.7297778589350727
CCOC(=O)[C@H](Cl)NNc1ccccc1[N+](=O)[O-],-0.025352789273117897,0.2690131057758312,3.0992591562519336
CC(=O)/C(NNc1ccccc1)=[NH+]\Nc1cccc([N+](=O)[O-])c1,-0.04849596806468458,0.2690143222770733,3.048411725636557
C[C@@H](O)[C@@H](O)/C=C/C=C/C(=O)O[C@@H]1C=C2COC(=O)[C@]2(O)[C@@]2(C)CCCC(C)(C)[C@@H]12,-0.08584546424890002,0.26902525986235754,4.966326019766479
CCOC(=O)c1ccc(N2C(=O)c3oc4ccc(F)cc4c(=O)c3[C@@H]2c2ccc(SC)cc2)cc1,0.07332842344789295,0.2690841067712212,2.8699821686737224
COC(=O)c1c(C)[nH]c(C(=O)[C@H](C)Sc2nnc(-c3c[nH]c4ccccc34)o2)c1C,0.04824861572941518,0.26918763457137945,3.066112268492714
C/C(=N\Nc1nc2c(c(=O)[nH]c(=O)n2C)n1C[C@H](O)c1ccccc1)c1ccccc1O,-0.012987513514330688,0.2692284468587605,3.099754044084528
COc1cc(/C=N/NC(=O)c2ccc(O)cc2)ccc1OC(=O)c1ccccc1Cl,0.08169477688918023,0.2692349166397435,2.0695891458603626
Cc1ccc(NC(=O)[C@H](OC(=O)c2cccnc2Cl)c2ccccc2)c([N+](=O)[O-])c1,0.06925208547012605,0.26936320687825216,2.6428831476135937
Cc1ccccc1NC(=O)/C(C#N)=C\c1cc(C)n(-c2ccc(C)c([N+](=O)[O-])c2)c1C,0.09113420764255872,0.2694253788221306,2.412840536181584
Cc1ccn2cc(-c3ccc(/C=N/NC(N)=[NH2+])cc3)[n+](C)c2c1,-0.10104615778315837,0.26942928048934683,3.5502836782992766
Cc1ccc(-c2nc3cc(NC(=S)NC(=O)c4ccccc4[N+](=O)[O-])ccc3o2)cc1,0.09091656389222497,0.2696892613762885,2.2286458364695303
C[C@@H]([C@@H](C)C(=O)NN)[NH+]1CCC[C@@H]1CCCO,-0.29849166357886586,0.26972178852257345,5.3105076580783885
NC(=O)N/N=C/c1c(F)c(F)c(F)c(F)c1F,-0.006706185248140014,0.2699355993120191,2.6657207776447507
CCOc1ccc(N2C(=O)C[C@@H]([NH+]3CCC[C@@H](C(=O)NN)C3)C2=O)cc1,-0.14356649920895986,0.27003187538103074,4.297589688204382
CC/C(=N/O)c1ccc(OCCSc2ccccc2)cc1,0.12967529723074098,0.27004919028934365,2.080095322828134
[N-]=[N+]=NCCNC(=O)CSc1ccccc1,0.057478282363368674,0.2700519981074626,2.281190615816559
CCOc1ccc(/C=C2/SC(=S)N(c3ccc([N+](=O)[O-])cc3)C2=O)c(OCC)c1,0.0917119512883212,0.27007444701227235,2.3376085112648166
COc1ccc(C(=O)NC(=S)Nc2cc(C)c(O)c(-c3nc4ccccc4s3)c2)cc1OC,0.08566012654116764,0.2701840038943497,2.386184965993652
CCC[n+]1c(NC(=O)c2cccc(C)c2)c(C(=O)OCC)cc2c(=O)n3cccc(C)c3nc21,0.036307296198377366,0.2702037369056184,2.8241472462691704
O=[N+]([O-])c1ccc(N2CC[NH+](CCO)CC2)c(/C=N/c2ccc3c(c2)oc2ccccc23)c1,-0.001865727729499248,0.2702705444125225,3.5272314300135044
COc1cccc(/C(C)=N/Nc2nnc(SCc3ccccc3Cl)n2N)c1,0.06973089661826795,0.27029657767312393,2.394933154645214
COc1ccc(C(=O)N[C@@H](C)C/C(N)=N/O)cc1O,-0.031929679674682326,0.27037115115935045,2.6528968108239663
C/[NH+]=C(/NCCC[NH+]1CCC(C)CC1)NC(C)C,-0.2718842017919936,0.2703889284172402,4.883838502914992
C=CCNC(=O)C(=O)NCCC[NH+](C)C,-0.2453586378727731,0.27039109430965635,3.6364527341885298
C=CCn1c(S[C@@H](C)c2nnc(-c3ccccc3)o2)nc2ccsc2c1=O,0.0623383303074626,0.2704410480199641,3.005863352284007
C=CCn1c(=O)c2ccccc2n2c(SCC(=O)c3ccc(Cl)s3)nnc12,0.06554209048264871,0.2704904090167172,2.5692814063934666
O=[N+]([O-])c1ccc(-n2nc(-c3ccccc3)c(/C=[NH+]\CCN3CC[NH2+]CC3)c2O)cc1,-0.0904052036460442,0.2706073580288438,3.8300390882177817
O=C1NN(c2cccc(Br)c2)C(=O)/C1=C/c1ccc(-c2cc([N+](=O)[O-])ccc2[O-])o1,0.023317170033800773,0.2706380668739102,3.015062494276652
O=C(CSc1nc2ccccc2n1Cc1ccccc1)N/N=C/c1ccc(O)cc1,0.08003811792636764,0.2707990459117121,2.1082836481228067
CCOC(=O)/C(C#N)=C(\C)N(C)/N=C/c1ccccc1,0.019935886588669904,0.27087572511515123,2.77803411706976
Nn1c(N/N=C/c2ccc(O)cc2)nnc1SCc1ccc(F)cc1,0.04273954327535051,0.2709232041186708,2.3719743130997184
CCN1CC(=O)N(CCCCC(=O)NN)CC1=O,-0.09995382021706292,0.2709917055966589,2.5902160539354
OC[C@@H](O)[C@@H](O)[C@H](O)[C@H](O)CS,-0.3856999222650728,0.27100992373697713,4.085352336642326
C/C(=N/Nc1nc(SCC(=O)Nc2c(Cl)cccc2Cl)n[nH]1)c1ccc(F)cc1,0.08606101366890116,0.2710280600221476,2.4855354656112816
Cc1cccc(NC(=O)CN2C(=O)S/C(=C/c3ccc(-c4ccc(Cl)c([N+](=O)[O-])c4)o3)C2=O)c1,0.08803449673657597,0.27103803123300513,2.4626868414108722
CCOC(=O)c1sc2nc(SCC(=O)N3CCCc4ccccc43)n(N)c(=O)c2c1C,0.030562842599882074,0.2710503873274434,2.5620782394114165
CCOC(=O)C(=Cc1cc2ccc(C)cc2nc1Cl)C(=O)OCC,0.07328420406595708,0.27108156468428674,2.4540055312627462
Cc1ccc([N+](=O)[O-])cc1N1C(=O)[C@H]2[C@@H](C1=O)[C@@H](C(=O)c1ccco1)[NH+]1C=Cc3ccccc3[C@@H]21,-0.049380308142881066,0.2711693741275338,4.646516493390456
COC(=O)c1ccc(OC(=O)/C=C/C2CC2)c([N+](=O)[O-])c1,0.04118373363751792,0.2712772463727314,2.3546403815657726
C/C(=N\NC(=O)c1ccc(CSc2cccc3cccnc23)cc1)c1ccco1,0.10303840886949628,0.27132445672991673,2.3404975007067463
NNC(=O)[C@@H]1C(=O)NC[C@H]1c1ccccc1,-0.12148327000677152,0.2713564562356869,3.0993686741909414
CN(C)S(=O)(=O)c1ccc(N=[N+]=[N-])c([N+](=O)[O-])c1,0.008847660306257325,0.27139194272442035,2.671911007006644
Cn1cc([C@H](c2ccccc2)[C@H](C(=O)c2ccccc2)[N+](=O)[O-])c2ccccc21,0.059764340387471485,0.2714300614713208,3.133326788575141
COc1cc(-c2cc(OC)c3c(C)oc(C)c3c(=O)c2)ccc1OCC(=O)c1c(C)[nH]c2ccccc12,-0.008095468301803245,0.27149611352772435,2.672995169471766
COc1ccc(/C=N\OCc2nc3c4c(C)c(C)n(-c5cccnc5)c4ncn3n2)cc1OC,0.034983896075971924,0.27157578609935706,2.8947179841027637
Nn1c(SCC(=O)Nc2ccc3c(c2)OCO3)nc2scc(-c3ccccc3)c2c1=O,0.04931588613699787,0.2716758071846571,2.4086867805254752
O=[N+]([O-])c1ccc(SCCCBr)cc1,0.13663581375025394,0.271741821438019,2.1894072129110733
C=CCN1C(=O)/C(=C\c2cc([N+](=O)[O-])cc(OCC)c2O)SC1=S,0.045146793291920534,0.27179618284813417,2.656629727066941
C[n+]1ccc(/C=C/c2cc(-c3ccccc3)cc(-c3ccccc3)[n+]2Cc2ccccc2)cc1,0.09534944820106904,0.27182463570985405,2.7549641845783874
O=C1c2ccccc2C(=O)N1CSc1ncc2c(=O)n(-c3ccccc3)c([O-])nc2n1,-0.007170146016599986,0.2718737783471176,2.8784665385202883
Cc1cc(/C=N/NC(=O)C(=O)Nc2ccc([N+](=O)[O-])cc2)c(C)n1-c1ccccc1Cl,0.062122877894157165,0.2721331995983717,2.3370859934056174
NNC(=O)[C@H](CO)NC(=O)c1cccnc1,-0.1363305998220972,0.27224751043228995,2.516404693120837
COC(=O)c1cc(COc2ccc3c(oc(=O)c4cc(OC)ccc43)c2C)c(C)o1,0.07581696876512173,0.2722732892990589,2.503026779990938
CCOC(=O)/C(C#N)=C/c1ccc(N2CCCC2)c([N+](=O)[O-])c1,0.05254885379875119,0.2723430902127695,2.307574628743064
N/C(=N/O)C1(NC(=O)N[C@H]2CCOC2)CCCCCCC1,-0.37073776714285134,0.2723962951807343,3.1850166913515268
CCC(=O)Oc1ccc2c(c1C)O/C(=C\c1cccc([N+](=O)[O-])c1)C2=O,0.06764256359402054,0.2724103776970729,2.528833335617508
O=C(/C=C/C=C/c1ccccc1)c1cccc([N+](=O)[O-])c1,0.11449706629874246,0.2726040712188358,2.1139636204321697
C/C=C\C=C\C(=O)OCCCC,0.0731426160915483,0.27264499331468417,2.465382120848398
CN1C(=O)C(=Cc2ccc(SCCO)c([N+](=O)[O-])c2)C(=O)N(C)C1=O,-0.013625650266229146,0.27268375232923114,2.6969676540870893
Cc1cc([N+](=O)[O-])ccc1-n1c(C)cc(/C=C(\C#N)C(=O)Nc2ccc(F)cc2)c1C,0.0875537707582089,0.2727490099982748,2.406959993195157
CCOC(=O)c1nn(-c2ccccc2)cc1/C=C/C(=O)c1cc2ccccc2o1,0.08700751051040306,0.27296236879212943,2.389318767675073
C#CCOc1c(CC=C)cc(/C=C2\C(=O)NC(=O)N(c3cccc(Br)c3)C2=O)cc1OC,0.0453919330462953,0.2730613037157911,2.8013339117995666
Cc1ccc(NC(=O)CSc2n[nH]c(N/N=C/c3ccc(Cl)cc3Cl)n2)c(F)c1,0.08270357743527568,0.2730900742163737,2.5192255218964608
Nc1ccc(C(=O)NN/C(=C/C(=O)c2ccccc2)c2ccccc2)cc1,0.07342861741760706,0.2730936935995057,2.105358506216719
Cc1ccccc1N1C(=O)/C(=C/c2cccn2-c2cccc([N+](=O)[O-])c2)C([O-])=NC1=S,0.02345354946909609,0.2731565223540657,3.0011222712416554
Cc1cc(Br)ccc1NC(=O)CSc1n[nH]c(N/N=C/c2c(C)nn(C)c2C)n1,0.042939853287026084,0.27323169504607303,2.7057247505810533
Nn1c(SCC(=O)N/N=C/c2ccco2)nnc1-c1ccc(Br)cc1,0.031225185213187432,0.2734316448343921,2.4270550823304884
O=C1/C(=C\c2ccc([N+](=O)[O-])cc2)Sc2scc(-c3cccc([N+](=O)[O-])c3)[n+]21,0.05367686416464466,0.2735293595570423,3.0158240977298485
COC(=O)/C(C#N)=C/c1cccc(OC(=O)CCCl)c1,0.040834080377629166,0.27363321559292203,2.422620970216613
Cc1c(Cl)cccc1-n1c(SCC(=O)c2ccc(Cl)cc2)nc2[nH]ncc2c1=O,0.08570059754288438,0.2737374126341751,2.4253958783692537
C=CCSc1nc2ccc(I)cc2c(=O)n1-c1ccccc1,0.10831184690241748,0.2738218756638952,2.260551928615328
Cc1cc(C(=O)Cn2cnc(-c3ccc([N+](=O)[O-])cc3)n2)c(C)n1-c1nccs1,0.049092287012261634,0.2739148702677126,2.6717679233973985
Nc1ccccc1N/C=C1\C(=O)N=C([S-])N(CCC2=CCCCC2)C1=O,0.005675838980543135,0.27391584718144274,3.2278502794844512
CC1(C)SC(=S)N(c2ccccc2)[C@H]1/[N+]([O-])=C/c1ccccc1,0.05766483199930551,0.2740047859226015,3.1356456841298783
COc1cc([C@@H]2C3=C(C[C@H](c4ccccc4)CC3=O)Nc3ccc4ncccc4c32)ccc1OC(C)=O,0.06574984105135846,0.27404978113209244,3.2989924418088217
CC(=O)Nc1cc(C(=O)CSc2nnc(-c3ccccc3Cl)n2C2CCCC2)ccc1O,0.09364634219059488,0.274131972937339,2.378973238592048
CC(=O)C(=CNc1ccccc1SCCC#N)C(C)=O,0.05369798043241275,0.2742465988204569,2.711021249936893
COc1ccc2[nH]cc(CCNC(=O)C[C@@H]3C(=O)Oc4c(ccc(O)c4O)[C@@H]3C)c2c1,-0.0008641120036460807,0.2742749659763226,3.5176498440895685
Cc1cccc(-n2c(SCC(=O)Nc3cc(C)on3)nc3c(-c4ccccc4)c[nH]c3c2=O)c1,0.06907628337391597,0.2742885151348535,2.549481092423017
Cc1ccc(-n2c(SCC(=O)N/N=C/c3cccnc3)nnc2-c2ccccc2)cc1,0.06942612270756834,0.2743006222293385,2.2271652420639363
O=C(CSc1nc2ccccc2c(=O)n1-c1ccc(F)cc1F)c1ccccc1,0.10128135077941808,0.27430373847676603,2.0138391569243748
C=CCNC(=O)c1cc2c(=O)n3cc(C)ccc3nc2[n+](CCCOC)c1N,-0.0305519057051541,0.2744296647249504,3.0476921600472786
CCOC(=O)/C(=[NH+]/Nc1ccccc1[N+](=O)[O-])N1CCCCC1,-0.05257294804151082,0.2746130332550553,3.0355092404294552
COc1ccc(/C=C(\C#N)C(=O)Nc2ccccc2F)cc1OC(=O)c1ccccc1,0.08982284650195414,0.27461328071130564,2.1179946126933067
Cc1ccnc(-[n+]2c(SCc3ccc(Br)cc3F)[nH]c3ccccc3c2=O)c1,0.07190813945510445,0.27465791983447324,2.8205269677395868
COc1ccc(Br)cc1/C=N/NC(=O)C(=O)Nc1ccccc1C(=O)Nc1ccccc1,0.07007221069762319,0.2747099464076522,2.1048072199952603
C=CCOC(=O)COc1ccc2c(-c3cc4ccccc4oc3=O)cc(=O)oc2c1,0.05631172860682297,0.27476359012718266,2.4934180398938253
CC(C)Nc1scc(-c2ccc(F)cc2)[n+]1/N=C/c1cc2c(cc1[N+](=O)[O-])OCO2,0.040126112934290914,0.2747818018629806,3.1926050734621727
C=CCn1c(S[C@H](C)C(=O)Nc2ccc3[nH]c(=O)[nH]c3c2)nnc1[C@H]1COc2ccccc2O1,0.007409304770434144,0.2748052111369672,3.4539285754100524
[NH-]/C(=N\OC(=O)CCl)S(=O)(=O)c1ccccc1,-0.031046684649482393,0.27483162471971423,3.1159217657870446
C#CCOCOCC#C[C@H](C)CCC=C,-0.08462345367603327,0.27507660540326706,4.112047178734263
C=CCN1C(=O)/C(=C/c2ccc(Cl)c([N+](=O)[O-])c2)SC1=S,0.08157819196516515,0.27516538208937386,2.4509245920920897
[N-]=[N+]=NC[C@@H]1CC(F)(F)C(=O)O1,-0.17954436123296266,0.2751993579989669,4.287044632327196
O=C(Cc1ccccc1)Nn1c(SCC(=O)c2ccccc2)nc2ccccc2c1=O,0.0681919641386713,0.2753428847439895,2.145259088217781
CCOC(=O)NC(=S)NN,-0.13978114051561205,0.2753435724786867,2.629571733539418
CCCCC[n+]1c(N)c(S(=O)(=O)c2ccc(C)cc2)cc2c(=O)n3cccc(C)c3nc21,0.0311388059289151,0.27534973406260244,2.8866635574348294
CN/C(=N/[N+](=O)[O-])NC[C@@H]1CCOC1,-0.19343796807507666,0.275388813256762,3.6629990412268816
C=CCN/C=C1\C(=O)N(c2ccc([N+](=O)[O-])cc2)N=C1CCC,0.02700466174886673,0.2754673577885873,2.8506986672046017
COc1cc(C=C2C(=O)NC(=S)NC2=O)ccc1OC(=O)c1ccccc1,0.02539811012163751,0.2755131886284135,2.257360779651787
C=CC(=O)Oc1cccc(N2C(=O)[C@@H]3C4c5ccccc5C(c5ccccc54)[C@H]3C2=O)c1,0.011601011109776394,0.27556592260230545,3.882776287238345
COC(=O)c1ccc(OC(=O)C=C(C)C)c([N+](=O)[O-])c1,0.04987858130222346,0.2755835679706539,2.2440211654930344
C[C@H]1OCC[C@H]1C(=O)NC(C)(C)/C(N)=N/O,-0.15569969124117936,0.2755961995476696,3.8732746082568763
Cn1c(=O)nc2n(-c3ccc(N4CCOCC4)cc3)c3ccc([N+](=O)[O-])cc3cc-2c1=O,0.010610439213583529,0.27562318396716623,2.6071304659800454
Cc1ccc(/C=[N+](\[O-])[C@H]2N(C)C(=S)SC2(C)C)cc1,-0.0034498161662709892,0.2756371303662876,3.5598470370683084
C[C@H]1CCc2c(sc3nc(SCC(=O)c4ccc[nH]4)n(-c4ccccc4)c(=O)c23)C1,0.06381238756847557,0.27572600871750885,3.0036152999440207
Cc1cc(OC(=O)[C@H](Cc2ccccc2)N2C(=O)[C@@H]3[C@H](C2=O)[C@@H]2C=C[C@H]3[C@@H]3C[C@H]23)cc(C)c1Cl,-0.01536609802729221,0.27575476818729755,4.83225579248524
O=C1NC(=S)NC(=O)C1=Cc1ccc(Oc2ccc([N+](=O)[O-])cn2)cc1,0.009712765808341014,0.2759189564922041,2.541573430454177
O=C1NN(c2ccccc2)C(=O)/C1=C\c1cc([N+](=O)[O-])ccc1OCc1ccccc1F,0.05950240798763945,0.27596153855460864,2.3724944558363443
O=C(OCC#CCSc1ccccc1)c1ccc([N+](=O)[O-])cc1,0.07965051741963068,0.27609051418829744,2.3006887240227862
O=C1[C@@H]2[C@@H](C(=O)N1/N=C/c1ccc([N+](=O)[O-])o1)[C@H]1C=C[C@@H]2C12CC2,-0.13006552453283002,0.27616020556570675,5.367034679066841
C[C@@H](Sc1nc2sc3c(c2c(=O)n1C)CCC3)C(=O)Nc1ccc(F)c([N+](=O)[O-])c1,0.03779897070358382,0.2763269830929129,2.942335954445316
COc1ccc2c(c1)C(C)=CC(C)(C)N2C(=O)CSc1nc(C)nc2c1cnn2-c1ccccc1,0.0738827164089566,0.2763413743832434,2.7799042725795378
Cc1cc([N+](=O)[O-])ccc1-c1ccc(/C=C/C(=O)Nc2ccc(O)c(C(=O)[O-])c2)o1,0.028669809851978444,0.276384197764377,2.725428620319285
CC(C)CO[C@@H](C)/C(N)=N/O,-0.10773549822865083,0.2763911904118773,3.2153968138099938
CC(=O)N/C(=C\c1cccc([N+](=O)[O-])c1)C(=O)Nc1ccc(NC(=O)c2ccccc2C)cc1,0.07179433224794626,0.2764648680113077,2.2137242503177528
COc1cc([C@@H]2Nc3c(C(=O)N(C)Cc4ccccc4)cccc3[C@H]3C=CC[C@H]32)ccc1OC(C)=O,0.053735677240591855,0.2765466865427927,3.4773778890914144
COc1cccc(-c2nnc(SCC(=O)c3cc4ccccc4oc3=O)o2)c1,0.07362402509720423,0.27659849832121064,2.2716947241498424
Cc1ccc(C)c(NC(=O)CSc2n[nH]c(N/N=C/c3cccc(O)c3)n2)c1,0.0525670719448068,0.2766646265353859,2.459403698508817
CC(=O)c1ccc(NC(=O)CSc2nnc(-c3ccc([N+](=O)[O-])cc3)o2)cc1,0.07505377110540135,0.2767085318730105,2.0939752174961583
CC(=O)c1cccc(NC(=O)CSc2nnc(-c3ccccc3[N+](=O)[O-])o2)c1,0.0706297553815049,0.2767085318730105,2.197225460923617
C=CCn1c(SCC(=O)c2ccc(Br)s2)nnc1[C@H]1COc2ccccc2O1,0.060226638274342416,0.2768741629984833,3.135857624129029
Nc1nc(CSc2nc3ccccc3c(=O)n2Cc2ccco2)nc(Nc2ccccc2)n1,0.05716027737515511,0.2768768734131957,2.4260239161356303
C[C@@H](Sc1ccc([N+](=O)[O-])cc1)C(=O)Oc1ccccc1,0.08669453736267152,0.27693373960494544,2.3878676822250604
CSc1ccc(C(=O)O[C@H](C)c2cc3ccccc3o2)cc1[N+](=O)[O-],0.0878294941931355,0.27706966171131303,2.8305740873157816
Nc1cc(C(=O)[O-])c(O)c([N+](=O)[O-])c1,-0.14586702380291466,0.2772929283681359,3.0302998164613686
C=CCOc1ccc(-c2nc3s/c(=C\c4ccc([N+](=O)[O-])cc4)c(=O)n3n2)cc1,0.039512671290156384,0.2773245280701587,2.460777989176462
Cc1cc(C)nc(SCC(C)(C)C(=O)NN)n1,-0.022867808400380468,0.27733860843643354,2.788580427994402
C[C@H](Sc1ncc2ccccn12)C(=O)Nc1nc(-c2cccc([N+](=O)[O-])c2)cs1,0.05849219010551891,0.2774471177178163,2.958882357593504
c1ccc(-c2nnc(CSc3ncnc4sc(-c5ccccc5)cc34)o2)cc1,0.11716911377784095,0.2774540032680707,2.3444410611461795
O=CN1CCc2cc(C(=O)CSc3cccc[n+]3[O-])ccc21,-0.002163187832520045,0.2775372045609067,2.8600134670768664
C=CCS(=O)(=O)/N=C(\[O-])CCCSC,-0.16952450508526082,0.27763398325563005,3.9793658247773767
O=C(CSc1ncnc2c1cnn2-c1ccccc1)Nc1cc(C2CC2)nn1-c1ccccc1,0.06829066084824148,0.2776968710156372,2.5095418616537852
Cc1nn(-c2ccc([N+](=O)[O-])cc2)c(C)c1/C=N/NC(=O)CSc1ccccc1,0.06428922975981999,0.277741926448122,2.327380306136611
CC(=O)OCc1c(OC(C)=O)ccc2c([N+](=O)[O-])c(C)n(-c3ccc(C)cc3)c12,0.06306056981177678,0.2779764156581324,2.650082448298246
COCCCN1C(=O)/C(=C/c2c(Oc3ccccc3Cl)nc3ccccn3c2=O)SC1=S,0.06337332197687584,0.2779972316306229,2.6200134752784408
COc1ccc([N+](=O)[O-])cc1OC(=O)/C=C/C(C)(C)C,0.0716302842899554,0.2780227279004985,2.3800739956817143
CCOC(=O)c1ccc(N/C([O-])=C(\C#N)C(=O)c2ccc(C)c(C)c2)cc1,0.03978406672636572,0.27830170480199184,2.5389727393847985
COc1c(OC(C)=O)ccc(/C=N/NC(=O)c2ccccc2)c1[N+](=O)[O-],0.036851277759437535,0.27836337059284433,2.299906412540583
CC(C)COCC/[NH+]=C(\N)NC1CCCCCC1,-0.28067010681081417,0.27837592856721066,3.2761493626434985
COc1ccccc1N1C(=O)c2ccc(-c3nc4cc([N+](=O)[O-])ccc4o3)cc2C1=O,0.07348327138557459,0.2783861245614864,2.3153117455604413
COCCCn1c(S[C@H](C)c2nc3ccccc3c(=O)[nH]2)nc2ccccc2c1=O,0.03898618276236589,0.2784189837803557,2.838555636752361
CCNC(=O)c1cc2ccc(OC(=O)/C=C/c3ccc(Cl)cc3Cl)cc2oc1=O,0.08129582816377673,0.2784234373804518,2.3977914172477206
NC(=O)c1ccc(SCC(=O)Nc2ccc3c(c2)Cc2ccccc2-3)c([N+](=O)[O-])c1,0.07226107826615702,0.2784441127834113,2.2813098698422625
C=CCN1C(=O)/C(=C/c2cn(-c3ccccc3)nc2-c2cccc(OCC)c2)SC1=S,0.0933004869172607,0.2784942284337632,2.4500432023059417
CC(=O)Oc1ccc([C@H]2Nc3c(C(=O)[O-])ccc([N+](=O)[O-])c3[C@H]3C=CC[C@@H]32)cc1,-0.02361478003411091,0.2785667591701477,3.9119684992573793
Cc1ccc(/C(N)=N/OC(=O)CCl)cc1,0.028397210491554963,0.27859750386597104,2.223216420867708
CCOC(=O)O/N=C(/C(=O)c1ccccc1)c1ccccc1,0.08672821311145053,0.27864259210292897,2.17883104949445
C/C=C/c1ccc(OC(=O)c2ccc(-n3cncn3)c([N+](=O)[O-])c2)c(OC)c1,0.05642966904857146,0.27876452762998405,2.4462318874085245
O=C(OCc1cn2cc(Cl)ccc2n1)c1ccc(-c2ccc([N+](=O)[O-])cc2)o1,0.08293251735281966,0.2787725556407922,2.4532733138934333
NNC(=O)c1cccc([N+](=O)[O-])c1C(=O)[O-],-0.13685953100832385,0.27880492588460953,2.7556759478758046
CCOC(=O)CO/N=C(\N)c1nonc1N,-0.12833069610838732,0.27904086476180245,2.8104586152084714
C#CCN/C(NC[C@](C)(O)c1cnn(C)c1)=[NH+]/CC,-0.2531756820747348,0.2790608591307516,4.5533662156273085
O=C(Nc1ccccc1)c1cccc2c1N[C@@H](c1cc([N+](=O)[O-])ccc1Cl)[C@@H]1CC=C[C@H]21,0.0769429631781916,0.27906424138475944,3.3907443056393367
O=C1[C@H]2[C@H]3C=C[C@H](C3)[C@H]2C(=O)N1/N=C/c1ccc([N+](=O)[O-])s1,-0.10534476778885196,0.2792168547717112,4.7424544305194365
CSc1ccc(C(=O)N(C)CC/C(N)=N/O)cc1,0.02758029371082101,0.279222350998156,2.2921253161018047
CC(C)(C[NH+]1CCCC[C@@H]1CCO)C(=O)NN,-0.2788384411878197,0.2792269747421807,5.03295420543233
CC[C@@H](C)n1cc(/C=C2/SC(=O)N(Cc3cccc([N+](=O)[O-])c3)C2=O)c2ccccc21,0.08358392814752863,0.2792303731555464,2.952040196272419
COc1cc(CCC(=O)Oc2cc(C)c3c(c2)O/C(=C\c2ccccc2Br)C3=O)on1,0.06760139352393676,0.2792352565329315,2.8719428644415586
COCCC[n+]1c(N)c(S(=O)(=O)c2ccc(C)cc2)cc2c(=O)n3ccccc3nc21,-0.0008610735306521152,0.27929580622012834,2.8897944197827674
C=CCOC(=O)/C(C#N)=C/c1cn(-c2ccccc2)nc1-c1ccc(F)cc1,0.08094549275172536,0.27936369540384304,2.384399083124201
C/[NH+]=C(/NCCN1C(=O)CNC1=O)NCc1ncc(C)s1,-0.1839622917050896,0.2795938546503941,3.678151573496054
C[C@H]1C[NH+]2CCC[C@@H]2CN1C(=O)C1(/C(N)=N\O)CCCC1,-0.20966155107418688,0.27973761351553794,5.186960844409088
C/[NH+]=C(/NCC(=O)OC(C)(C)C)NC1C[C@@H]2CCC[C@H](C1)[NH+]2C,-0.28489534276779915,0.27986719623236883,6.165613384413568
N=C1/C(=C/c2ccc(OCc3cccc4ccccc34)cc2)C(=O)N=C2SCC(c3ccccc3)=[N+]12,0.07968416997441757,0.2799601649537316,2.8179192284763634
Cc1ccc2c(c1)=[NH+][C@H](CCc1cccc(NC(=O)[C@@H]3Cc4ccccc4OC3=O)c1)[NH+]=2,-0.1137717607568348,0.2800010816475904,4.268716730320433
Cc1ccccc1OCc1nc2s/c(=C\c3ccc(-c4ccc([N+](=O)[O-])cc4)o3)c(=O)n2n1,0.04972463980150165,0.2800573182120801,2.5802361870985244
CC(=O)c1ccc(OC(=O)c2ccccc2OCc2cn3ccccc3n2)cc1,0.08737582728597341,0.28014528998786825,2.1734193171256218
Cc1ccnc(SCCn2c(N3CC[NH+](Cc4ccccc4)CC3)nc3c2c(=O)[nH]c(=O)n3C)n1,-0.057717726669254926,0.28024885181741604,3.5773929660642683
O=C(Cc1n[nH]c(=O)c2ccccc12)N/N=C/c1ccc(-c2ccc([N+](=O)[O-])cc2)o1,0.03468354272251931,0.28042283268254475,2.4879598833776786
CC(=O)c1ccc(NC(=O)CSc2ncnc3c(-c4ccccc4)c[nH]c23)cc1,0.0879934365148797,0.28043904553376503,2.288197339103643
C[C@@H]1CCC[C@H](NC(=O)C/C(N)=N/O)C1,-0.07864123135060151,0.2805091691534882,3.2247246497290787
O=C(/C=C\C(Cl)(Cl)Cl)c1ccc([N+](=O)[O-])cc1,0.09706858291599044,0.2806297592905005,2.54322350491748
Nc1cc(=O)[nH]c(S[C@@H](C(=O)c2c[nH]c3ccccc23)c2ccccc2)n1,0.03810125637107018,0.2806311050658361,2.9715905712189183
COc1ccc([C@H]2C[C@H](c3ccc(Cl)cc3)N(C(=O)c3ccccc3[N+](=O)[O-])c3ncnn32)cc1,0.052713563534057935,0.280686659145305,3.2674094924011676
COc1ccc(-c2cnc(-c3cc[n+](CCCN=C=S)cc3)o2)cc1,0.050790335382830544,0.28086684830241204,2.9147523952915013
Cc1nnc(SCc2cc(=O)nc(NC(=[NH2+])Nc3cccc(Cl)c3C)[nH]2)s1,-0.015417845102762184,0.28086939205725925,3.172637095441261
Cc1ccc2[nH]c3nc(S[C@H](C)C(=O)Nc4ccc([N+](=O)[O-])cc4C)nnc3c2c1,0.0488956680657407,0.28088980590726864,2.955499631130076
O=C(C[C@@H]1S/C(=N/N=C/c2c(-c3ccccc3)[nH]c3ccccc23)NC1=O)Nc1ccccc1,0.04528501211923812,0.2809616016778491,3.2636767787269902
[NH2+]=C(c1cc(I)cc([N+](=O)[O-])c1)N1CCCCCC1,-0.2030217742779465,0.2809871205920941,2.986102644540482
CCOC(=O)/C(C#N)=C/Nc1nc(-c2cccc([N+](=O)[O-])c2)cs1,0.05175314404433458,0.28105111887874856,2.532887683438929
O[C@H]1[C@@H]2CC[C@@](O)(N2)[C@H](O)[C@@H]1O,-0.8108972318957689,0.28105332093320184,5.523578010781647
